[
  {
    "id": 0,
    "name": "ocean",
    "category": "ocean",
    "temperature": 0.5,
    "precipitation": "rain",
    "depth": -1,
    "dimension": "overworld",
    "displayName": "Ocean",
    "color": 112,
    "rainfall": 0.5
  },
  {
    "id": 1,
    "name": "plains",
    "category": "plains",
    "temperature": 0.8,
    "precipitation": "rain",
    "depth": 0.125,
    "dimension": "overworld",
    "displayName": "Plains",
    "color": 9286496,
    "rainfall": 0.4,
    "child": 129
  },
  {
    "id": 2,
    "name": "desert",
    "category": "desert",
    "temperature": 2,
    "precipitation": "none",
    "depth": 0.125,
    "dimension": "overworld",
    "displayName": "Desert",
    "color": 16421912,
    "rainfall": 0,
    "child": 130
  },
  {
    "id": 3,
    "name": "mountains",
    "category": "extreme_hills",
    "temperature": 0.2,
    "precipitation": "rain",
    "depth": 1,
    "dimension": "overworld",
    "displayName": "Mountains",
    "color": 6316128,
    "rainfall": 0.3,
    "child": 131
  },
  {
    "id": 4,
    "name": "forest",
    "category": "forest",
    "temperature": 0.7,
    "precipitation": "rain",
    "depth": 0.1,
    "dimension": "overworld",
    "displayName": "Forest",
    "color": 353825,
    "rainfall": 0.8,
    "child": 132
  },
  {
    "id": 5,
    "name": "taiga",
    "category": "taiga",
    "temperature": 0.25,
    "precipitation": "rain",
    "depth": 0.2,
    "dimension": "overworld",
    "displayName": "Taiga",
    "color": 747097,
    "rainfall": 0.8,
    "child": 133
  },
  {
    "id": 6,
    "name": "swamp",
    "category": "swamp",
    "temperature": 0.8,
    "precipitation": "rain",
    "depth": -0.2,
    "dimension": "overworld",
    "displayName": "Swamp",
    "color": 522674,
    "rainfall": 0.9,
    "child": 134
  },
  {
    "id": 7,
    "name": "river",
    "category": "river",
    "temperature": 0.5,
    "precipitation": "rain",
    "depth": -0.5,
    "dimension": "overworld",
    "displayName": "River",
    "color": 255,
    "rainfall": 0.5
  },
  {
    "id": 8,
    "name": "nether_wastes",
    "category": "nether",
    "temperature": 2,
    "precipitation": "none",
    "depth": 0.1,
    "climates": [
      {
        "temperature": 0,
        "humidity": 0,
        "altitude": 0,
        "weirdness": 0,
        "offset": 0
      }
    ],
    "dimension": "nether",
    "displayName": "Nether Wastes",
    "color": 12532539,
    "rainfall": 0
  },
  {
    "id": 9,
    "name": "the_end",
    "category": "the_end",
    "temperature": 0.5,
    "precipitation": "none",
    "depth": 0.1,
    "dimension": "end",
    "displayName": "The End",
    "color": 8421631,
    "rainfall": 0.5
  },
  {
    "id": 10,
    "name": "frozen_ocean",
    "category": "ocean",
    "temperature": 0,
    "precipitation": "snow",
    "depth": -1,
    "dimension": "overworld",
    "displayName": "Frozen Ocean",
    "color": 7368918,
    "rainfall": 0.5
  },
  {
    "id": 11,
    "name": "frozen_river",
    "category": "river",
    "temperature": 0,
    "precipitation": "snow",
    "depth": -0.5,
    "dimension": "overworld",
    "displayName": "Frozen River",
    "color": 10526975,
    "rainfall": 0.5
  },
  {
    "id": 12,
    "name": "snowy_tundra",
    "category": "icy",
    "temperature": 0,
    "precipitation": "snow",
    "depth": 0.125,
    "dimension": "overworld",
    "displayName": "Snowy Tundra",
    "color": 16777215,
    "rainfall": 0.5,
    "child": 140
  },
  {
    "id": 13,
    "name": "snowy_mountains",
    "category": "icy",
    "temperature": 0,
    "precipitation": "snow",
    "depth": 0.45,
    "dimension": "overworld",
    "displayName": "Snowy Mountains",
    "color": 10526880,
    "rainfall": 0.5
  },
  {
    "id": 14,
    "name": "mushroom_fields",
    "category": "mushroom",
    "temperature": 0.9,
    "precipitation": "rain",
    "depth": 0.2,
    "dimension": "overworld",
    "displayName": "Mushroom Fields",
    "color": 16711935,
    "rainfall": 1
  },
  {
    "id": 15,
    "name": "mushroom_field_shore",
    "category": "mushroom",
    "temperature": 0.9,
    "precipitation": "rain",
    "depth": 0,
    "dimension": "overworld",
    "displayName": "Mushroom Fields Shore",
    "color": 10486015,
    "rainfall": 1
  },
  {
    "id": 16,
    "name": "beach",
    "category": "beach",
    "temperature": 0.8,
    "precipitation": "rain",
    "depth": 0,
    "dimension": "overworld",
    "displayName": "Beach",
    "color": 16440917,
    "rainfall": 0.4
  },
  {
    "id": 17,
    "name": "desert_hills",
    "category": "desert",
    "temperature": 2,
    "precipitation": "none",
    "depth": 0.45,
    "dimension": "overworld",
    "displayName": "Desert Hills",
    "color": 13786898,
    "rainfall": 0
  },
  {
    "id": 18,
    "name": "wooded_hills",
    "category": "forest",
    "temperature": 0.7,
    "precipitation": "rain",
    "depth": 0.45,
    "dimension": "overworld",
    "displayName": "Wooded Hills",
    "color": 2250012,
    "rainfall": 0.8
  },
  {
    "id": 19,
    "name": "taiga_hills",
    "category": "taiga",
    "temperature": 0.25,
    "precipitation": "rain",
    "depth": 0.45,
    "dimension": "overworld",
    "displayName": "Taiga Hills",
    "color": 1456435,
    "rainfall": 0.8
  },
  {
    "id": 20,
    "name": "mountain_edge",
    "category": "extreme_hills",
    "temperature": 0.2,
    "precipitation": "rain",
    "depth": 0.8,
    "dimension": "overworld",
    "displayName": "Mountain Edge",
    "color": 7501978,
    "rainfall": 0.3
  },
  {
    "id": 21,
    "name": "jungle",
    "category": "jungle",
    "temperature": 0.95,
    "precipitation": "rain",
    "depth": 0.1,
    "dimension": "overworld",
    "displayName": "Jungle",
    "color": 5470985,
    "rainfall": 0.9,
    "child": 149
  },
  {
    "id": 22,
    "name": "jungle_hills",
    "category": "jungle",
    "temperature": 0.95,
    "precipitation": "rain",
    "depth": 0.45,
    "dimension": "overworld",
    "displayName": "Jungle Hills",
    "color": 2900485,
    "rainfall": 0.9
  },
  {
    "id": 23,
    "name": "jungle_edge",
    "category": "jungle",
    "temperature": 0.95,
    "precipitation": "rain",
    "depth": 0.1,
    "dimension": "overworld",
    "displayName": "Jungle Edge",
    "color": 6458135,
    "rainfall": 0.8,
    "child": 151
  },
  {
    "id": 24,
    "name": "deep_ocean",
    "category": "ocean",
    "temperature": 0.5,
    "precipitation": "rain",
    "depth": -1.8,
    "dimension": "overworld",
    "displayName": "Deep Ocean",
    "color": 48,
    "rainfall": 0.5
  },
  {
    "id": 25,
    "name": "stone_shore",
    "category": "none",
    "temperature": 0.2,
    "precipitation": "rain",
    "depth": 0.1,
    "dimension": "overworld",
    "displayName": "Stone Shore",
    "color": 10658436,
    "rainfall": 0.3
  },
  {
    "id": 26,
    "name": "snowy_beach",
    "category": "beach",
    "temperature": 0.05,
    "precipitation": "snow",
    "depth": 0,
    "dimension": "overworld",
    "displayName": "Snowy Beach",
    "color": 16445632,
    "rainfall": 0.3
  },
  {
    "id": 27,
    "name": "birch_forest",
    "category": "forest",
    "temperature": 0.6,
    "precipitation": "rain",
    "depth": 0.1,
    "dimension": "overworld",
    "displayName": "Birch Forest",
    "color": 3175492,
    "rainfall": 0.6,
    "child": 155
  },
  {
    "id": 28,
    "name": "birch_forest_hills",
    "category": "forest",
    "temperature": 0.6,
    "precipitation": "rain",
    "depth": 0.45,
    "dimension": "overworld",
    "displayName": "Birch Forest Hills",
    "color": 2055986,
    "rainfall": 0.6,
    "child": 156
  },
  {
    "id": 29,
    "name": "dark_forest",
    "category": "forest",
    "temperature": 0.7,
    "precipitation": "rain",
    "depth": 0.1,
    "dimension": "overworld",
    "displayName": "Dark Forest",
    "color": 4215066,
    "rainfall": 0.8,
    "child": 157
  },
  {
    "id": 30,
    "name": "snowy_taiga",
    "category": "taiga",
    "temperature": -0.5,
    "precipitation": "snow",
    "depth": 0.2,
    "dimension": "overworld",
    "displayName": "Snowy Taiga",
    "color": 3233098,
    "rainfall": 0.4,
    "child": 158
  },
  {
    "id": 31,
    "name": "snowy_taiga_hills",
    "category": "taiga",
    "temperature": -0.5,
    "precipitation": "snow",
    "depth": 0.45,
    "dimension": "overworld",
    "displayName": "Snowy Taiga Hills",
    "color": 2375478,
    "rainfall": 0.4
  },
  {
    "id": 32,
    "name": "giant_tree_taiga",
    "category": "taiga",
    "temperature": 0.3,
    "precipitation": "rain",
    "depth": 0.2,
    "dimension": "overworld",
    "displayName": "Giant Tree Taiga",
    "color": 5858897,
    "rainfall": 0.8,
    "child": 160
  },
  {
    "id": 33,
    "name": "giant_tree_taiga_hills",
    "category": "taiga",
    "temperature": 0.3,
    "precipitation": "rain",
    "depth": 0.45,
    "dimension": "overworld",
    "displayName": "Giant Tree Taiga Hills",
    "color": 4542270,
    "rainfall": 0.8,
    "child": 161
  },
  {
    "id": 34,
    "name": "wooded_mountains",
    "category": "extreme_hills",
    "temperature": 0.2,
    "precipitation": "rain",
    "depth": 1,
    "dimension": "overworld",
    "displayName": "Wooded Mountains",
    "color": 5271632,
    "rainfall": 0.3,
    "child": 162
  },
  {
    "id": 35,
    "name": "savanna",
    "category": "savanna",
    "temperature": 1.2,
    "precipitation": "none",
    "depth": 0.125,
    "dimension": "overworld",
    "displayName": "Savanna",
    "color": 12431967,
    "rainfall": 0,
    "child": 163
  },
  {
    "id": 36,
    "name": "savanna_plateau",
    "category": "savanna",
    "temperature": 1,
    "precipitation": "none",
    "depth": 1.5,
    "dimension": "overworld",
    "displayName": "Savanna Plateau",
    "color": 10984804,
    "rainfall": 0,
    "child": 164
  },
  {
    "id": 37,
    "name": "badlands",
    "category": "mesa",
    "temperature": 2,
    "precipitation": "none",
    "depth": 0.1,
    "dimension": "overworld",
    "displayName": "Badlands",
    "color": 14238997,
    "rainfall": 0,
    "child": 165
  },
  {
    "id": 38,
    "name": "wooded_badlands_plateau",
    "category": "mesa",
    "temperature": 2,
    "precipitation": "none",
    "depth": 1.5,
    "dimension": "overworld",
    "displayName": "Wooded Badlands Plateau",
    "color": 11573093,
    "rainfall": 0,
    "child": 166
  },
  {
    "id": 39,
    "name": "badlands_plateau",
    "category": "mesa",
    "temperature": 2,
    "precipitation": "none",
    "depth": 1.5,
    "dimension": "overworld",
    "displayName": "Badlands Plateau",
    "color": 13274213,
    "rainfall": 0,
    "child": 167
  },
  {
    "id": 40,
    "name": "small_end_islands",
    "category": "the_end",
    "temperature": 0.5,
    "precipitation": "none",
    "depth": 0.1,
    "dimension": "end",
    "displayName": "Small End Islands",
    "color": 42,
    "rainfall": 0.5
  },
  {
    "id": 41,
    "name": "end_midlands",
    "category": "the_end",
    "temperature": 0.5,
    "precipitation": "none",
    "depth": 0.1,
    "dimension": "end",
    "displayName": "End Midlands",
    "color": 15464630,
    "rainfall": 0.5
  },
  {
    "id": 42,
    "name": "end_highlands",
    "category": "the_end",
    "temperature": 0.5,
    "precipitation": "none",
    "depth": 0.1,
    "dimension": "end",
    "displayName": "End Highlands",
    "color": 12828041,
    "rainfall": 0.5
  },
  {
    "id": 43,
    "name": "end_barrens",
    "category": "the_end",
    "temperature": 0.5,
    "precipitation": "none",
    "depth": 0.1,
    "dimension": "end",
    "displayName": "End Barrens",
    "color": 9474162,
    "rainfall": 0.5
  },
  {
    "id": 44,
    "name": "warm_ocean",
    "category": "ocean",
    "temperature": 0.5,
    "precipitation": "rain",
    "depth": -1,
    "dimension": "overworld",
    "displayName": "Warm Ocean",
    "color": 172,
    "rainfall": 0.5
  },
  {
    "id": 45,
    "name": "lukewarm_ocean",
    "category": "ocean",
    "temperature": 0.5,
    "precipitation": "rain",
    "depth": -1,
    "dimension": "overworld",
    "displayName": "Lukewarm Ocean",
    "color": 144,
    "rainfall": 0.5
  },
  {
    "id": 46,
    "name": "cold_ocean",
    "category": "ocean",
    "temperature": 0.5,
    "precipitation": "rain",
    "depth": -1,
    "dimension": "overworld",
    "displayName": "Cold Ocean",
    "color": 2105456,
    "rainfall": 0.5
  },
  {
    "id": 47,
    "name": "deep_warm_ocean",
    "category": "ocean",
    "temperature": 0.5,
    "precipitation": "rain",
    "depth": -1.8,
    "dimension": "overworld",
    "displayName": "Deep Warm Ocean",
    "color": 80,
    "rainfall": 0.5
  },
  {
    "id": 48,
    "name": "deep_lukewarm_ocean",
    "category": "ocean",
    "temperature": 0.5,
    "precipitation": "rain",
    "depth": -1.8,
    "dimension": "overworld",
    "displayName": "Deep Lukewarm Ocean",
    "color": 64,
    "rainfall": 0.5
  },
  {
    "id": 49,
    "name": "deep_cold_ocean",
    "category": "ocean",
    "temperature": 0.5,
    "precipitation": "rain",
    "depth": -1.8,
    "dimension": "overworld",
    "displayName": "Deep Cold Ocean",
    "color": 2105400,
    "rainfall": 0.5
  },
  {
    "id": 50,
    "name": "deep_frozen_ocean",
    "category": "ocean",
    "temperature": 0.5,
    "precipitation": "rain",
    "depth": -1.8,
    "dimension": "overworld",
    "displayName": "Deep Frozen Ocean",
    "color": 4210832,
    "rainfall": 0.5
  },
  {
    "id": 127,
    "name": "the_void",
    "category": "none",
    "temperature": 0.5,
    "precipitation": "none",
    "depth": 0.1,
    "dimension": "end",
    "displayName": "the_void",
    "rainfall": 0.5,
    "color": 0
  },
  {
    "id": 129,
    "name": "sunflower_plains",
    "category": "plains",
    "temperature": 0.8,
    "precipitation": "rain",
    "depth": 0.125,
    "dimension": "overworld",
    "displayName": "Sunflower Plains",
    "color": 11918216,
    "parent": "plains",
    "rainfall": 0.4
  },
  {
    "id": 130,
    "name": "desert_lakes",
    "category": "desert",
    "temperature": 2,
    "precipitation": "none",
    "depth": 0.125,
    "dimension": "overworld",
    "displayName": "Desert Lakes",
    "color": 16759872,
    "parent": "desert",
    "rainfall": 0
  },
  {
    "id": 131,
    "name": "gravelly_mountains",
    "category": "extreme_hills",
    "temperature": 0.2,
    "precipitation": "rain",
    "depth": 1,
    "dimension": "overworld",
    "displayName": "Gravelly Mountains",
    "color": 8947848,
    "parent": "mountains",
    "rainfall": 0.3
  },
  {
    "id": 132,
    "name": "flower_forest",
    "category": "forest",
    "temperature": 0.7,
    "precipitation": "rain",
    "depth": 0.1,
    "dimension": "overworld",
    "displayName": "Flower Forest",
    "color": 2985545,
    "parent": "forest",
    "rainfall": 0.8
  },
  {
    "id": 133,
    "name": "taiga_mountains",
    "category": "taiga",
    "temperature": 0.25,
    "precipitation": "rain",
    "depth": 0.3,
    "dimension": "overworld",
    "displayName": "Taiga Mountains",
    "color": 3378817,
    "parent": "taiga",
    "rainfall": 0.8
  },
  {
    "id": 134,
    "name": "swamp_hills",
    "category": "swamp",
    "temperature": 0.8,
    "precipitation": "rain",
    "depth": -0.1,
    "dimension": "overworld",
    "displayName": "Swamp Hills",
    "color": 3145690,
    "parent": "swamp",
    "rainfall": 0.9
  },
  {
    "id": 140,
    "name": "ice_spikes",
    "category": "icy",
    "temperature": 0,
    "precipitation": "snow",
    "depth": 0.425,
    "dimension": "overworld",
    "displayName": "Ice Spikes",
    "color": 11853020,
    "parent": "snowy_tundra",
    "rainfall": 0.5
  },
  {
    "id": 149,
    "name": "modified_jungle",
    "category": "jungle",
    "temperature": 0.95,
    "precipitation": "rain",
    "depth": 0.2,
    "dimension": "overworld",
    "displayName": "Modified Jungle",
    "color": 8102705,
    "parent": "jungle",
    "rainfall": 0.9
  },
  {
    "id": 151,
    "name": "modified_jungle_edge",
    "category": "jungle",
    "temperature": 0.95,
    "precipitation": "rain",
    "depth": 0.2,
    "dimension": "overworld",
    "displayName": "Modified Jungle Edge",
    "color": 9089855,
    "parent": "jungle_edge",
    "rainfall": 0.8
  },
  {
    "id": 155,
    "name": "tall_birch_forest",
    "category": "forest",
    "temperature": 0.6,
    "precipitation": "rain",
    "depth": 0.2,
    "dimension": "overworld",
    "displayName": "Tall Birch Forest",
    "color": 5807212,
    "parent": "birch_forest",
    "rainfall": 0.6
  },
  {
    "id": 156,
    "name": "tall_birch_hills",
    "category": "forest",
    "temperature": 0.6,
    "precipitation": "rain",
    "depth": 0.55,
    "dimension": "overworld",
    "displayName": "Tall Birch Hills",
    "color": 4687706,
    "parent": "birch_forest_hills",
    "rainfall": 0.6
  },
  {
    "id": 157,
    "name": "dark_forest_hills",
    "category": "forest",
    "temperature": 0.7,
    "precipitation": "rain",
    "depth": 0.2,
    "dimension": "overworld",
    "displayName": "Dark Forest Hills",
    "color": 6846786,
    "parent": "dark_forest",
    "rainfall": 0.8
  },
  {
    "id": 158,
    "name": "snowy_taiga_mountains",
    "category": "taiga",
    "temperature": -0.5,
    "precipitation": "snow",
    "depth": 0.3,
    "dimension": "overworld",
    "displayName": "Snowy Taiga Mountains",
    "color": 5864818,
    "parent": "snowy_taiga",
    "rainfall": 0.4
  },
  {
    "id": 160,
    "name": "giant_spruce_taiga",
    "category": "taiga",
    "temperature": 0.25,
    "precipitation": "rain",
    "depth": 0.2,
    "dimension": "overworld",
    "displayName": "Giant Spruce Taiga",
    "color": 8490617,
    "parent": "giant_tree_taiga",
    "rainfall": 0.8
  },
  {
    "id": 161,
    "name": "giant_spruce_taiga_hills",
    "category": "taiga",
    "temperature": 0.25,
    "precipitation": "rain",
    "depth": 0.2,
    "dimension": "overworld",
    "displayName": "Giant Spruce Taiga Hills",
    "color": 7173990,
    "parent": "giant_tree_taiga_hills",
    "rainfall": 0.8
  },
  {
    "id": 162,
    "name": "modified_gravelly_mountains",
    "category": "extreme_hills",
    "temperature": 0.2,
    "precipitation": "rain",
    "depth": 1,
    "dimension": "overworld",
    "displayName": "Gravelly Mountains+",
    "color": 7903352,
    "parent": "wooded_mountains",
    "rainfall": 0.3
  },
  {
    "id": 163,
    "name": "shattered_savanna",
    "category": "savanna",
    "temperature": 1.1,
    "precipitation": "none",
    "depth": 0.3625,
    "dimension": "overworld",
    "displayName": "Shattered Savanna",
    "color": 15063687,
    "parent": "savanna",
    "rainfall": 0
  },
  {
    "id": 164,
    "name": "shattered_savanna_plateau",
    "category": "savanna",
    "temperature": 1,
    "precipitation": "none",
    "depth": 1.05,
    "dimension": "overworld",
    "displayName": "Shattered Savanna Plateau",
    "color": 13616524,
    "parent": "savanna_plateau",
    "rainfall": 0
  },
  {
    "id": 165,
    "name": "eroded_badlands",
    "category": "mesa",
    "temperature": 2,
    "precipitation": "none",
    "depth": 0.1,
    "dimension": "overworld",
    "displayName": "Eroded Badlands",
    "color": 16739645,
    "parent": "badlands",
    "rainfall": 0
  },
  {
    "id": 166,
    "name": "modified_wooded_badlands_plateau",
    "category": "mesa",
    "temperature": 2,
    "precipitation": "none",
    "depth": 0.45,
    "dimension": "overworld",
    "displayName": "Modified Wooded Badlands Plateau",
    "color": 14204813,
    "parent": "wooded_badlands_plateau",
    "rainfall": 0
  },
  {
    "id": 167,
    "name": "modified_badlands_plateau",
    "category": "mesa",
    "temperature": 2,
    "precipitation": "none",
    "depth": 0.45,
    "dimension": "overworld",
    "displayName": "Modified Badlands Plateau",
    "color": 15905933,
    "parent": "badlands_plateau",
    "rainfall": 0
  },
  {
    "id": 168,
    "name": "bamboo_jungle",
    "category": "jungle",
    "temperature": 0.95,
    "precipitation": "rain",
    "depth": 0.1,
    "dimension": "overworld",
    "displayName": "Bamboo Jungle",
    "color": 7769620,
    "rainfall": 0.9
  },
  {
    "id": 169,
    "name": "bamboo_jungle_hills",
    "category": "jungle",
    "temperature": 0.95,
    "precipitation": "rain",
    "depth": 0.45,
    "dimension": "overworld",
    "displayName": "Bamboo Jungle Hills",
    "color": 3884810,
    "rainfall": 0.9
  }
]