[
  {
    "id": 0,
    "name": "the_void",
    "category": "none",
    "temperature": 0.5,
    "precipitation": "none",
    "dimension": "overworld",
    "displayName": "The Void",
    "color": 0,
    "rainfall": 0.5
  },
  {
    "id": 1,
    "name": "plains",
    "category": "plains",
    "temperature": 0.8,
    "precipitation": "rain",
    "dimension": "overworld",
    "displayName": "Plains",
    "color": 9286496,
    "rainfall": 0.4
  },
  {
    "id": 2,
    "name": "sunflower_plains",
    "category": "plains",
    "temperature": 0.8,
    "precipitation": "rain",
    "dimension": "overworld",
    "displayName": "Sunflower Plains",
    "color": 11918216,
    "rainfall": 0.4
  },
  {
    "id": 3,
    "name": "snowy_plains",
    "category": "plains",
    "temperature": 0.0,
    "precipitation": "snow",
    "dimension": "overworld",
    "displayName": "Snowy Plains",
    "color": 16777215,
    "rainfall": 0.5
  },
  {
    "id": 4,
    "name": "ice_spikes",
    "category": "ice",
    "temperature": 0.0,
    "precipitation": "snow",
    "dimension": "overworld",
    "displayName": "Ice Spikes",
    "color": 11853020,
    "rainfall": 0.5
  },
  {
    "id": 5,
    "name": "desert",
    "category": "desert",
    "temperature": 2.0,
    "precipitation": "none",
    "dimension": "overworld",
    "displayName": "Desert",
    "color": 16421912,
    "rainfall": 0.0
  },
  {
    "id": 6,
    "name": "swamp",
    "category": "swamp",
    "temperature": 0.8,
    "precipitation": "rain",
    "dimension": "overworld",
    "displayName": "Swamp",
    "color": 522674,
    "rainfall": 0.9
  },
  {
    "id": 7,
    "name": "mangrove_swamp",
    "category": "forest",
    "temperature": 0.8,
    "precipitation": "rain",
    "dimension": "overworld",
    "displayName": "Mangrove Swamp",
    "color": 0,
    "rainfall": 0.9
  },
  {
    "id": 8,
    "name": "forest",
    "category": "forest",
    "temperature": 0.7,
    "precipitation": "rain",
    "dimension": "overworld",
    "displayName": "Forest",
    "color": 353825,
    "rainfall": 0.8
  },
  {
    "id": 9,
    "name": "flower_forest",
    "category": "forest",
    "temperature": 0.7,
    "precipitation": "rain",
    "dimension": "overworld",
    "displayName": "Flower Forest",
    "color": 2985545,
    "rainfall": 0.8
  },
  {
    "id": 10,
    "name": "birch_forest",
    "category": "forest",
    "temperature": 0.6,
    "precipitation": "rain",
    "dimension": "overworld",
    "displayName": "Birch Forest",
    "color": 3175492,
    "rainfall": 0.6
  },
  {
    "id": 11,
    "name": "dark_forest",
    "category": "forest",
    "temperature": 0.7,
    "precipitation": "rain",
    "dimension": "overworld",
    "displayName": "Dark Forest",
    "color": 4215066,
    "rainfall": 0.8
  },
  {
    "id": 12,
    "name": "old_growth_birch_forest",
    "category": "forest",
    "temperature": 0.6,
    "precipitation": "rain",
    "dimension": "overworld",
    "displayName": "Old Growth Birch Forest",
    "color": 5807212,
    "rainfall": 0.6
  },
  {
    "id": 13,
    "name": "old_growth_pine_taiga",
    "category": "taiga",
    "temperature": 0.3,
    "precipitation": "rain",
    "dimension": "overworld",
    "displayName": "Old Growth Pine Taiga",
    "color": 5858897,
    "rainfall": 0.8
  },
  {
    "id": 14,
    "name": "old_growth_spruce_taiga",
    "category": "taiga",
    "temperature": 0.25,
    "precipitation": "rain",
    "dimension": "overworld",
    "displayName": "Old Growth Spruce Taiga",
    "color": 8490617,
    "rainfall": 0.8
  },
  {
    "id": 15,
    "name": "taiga",
    "category": "taiga",
    "temperature": 0.25,
    "precipitation": "rain",
    "dimension": "overworld",
    "displayName": "Taiga",
    "color": 747097,
    "rainfall": 0.8
  },
  {
    "id": 16,
    "name": "snowy_taiga",
    "category": "taiga",
    "temperature": -0.5,
    "precipitation": "snow",
    "dimension": "overworld",
    "displayName": "Snowy Taiga",
    "color": 3233098,
    "rainfall": 0.4
  },
  {
    "id": 17,
    "name": "savanna",
    "category": "savanna",
    "temperature": 2.0,
    "precipitation": "none",
    "dimension": "overworld",
    "displayName": "Savanna",
    "color": 12431967,
    "rainfall": 0.0
  },
  {
    "id": 18,
    "name": "savanna_plateau",
    "category": "savanna",
    "temperature": 2.0,
    "precipitation": "none",
    "dimension": "overworld",
    "displayName": "Savanna Plateau",
    "color": 10984804,
    "rainfall": 0.0
  },
  {
    "id": 19,
    "name": "windswept_hills",
    "category": "extreme_hills",
    "temperature": 0.2,
    "precipitation": "rain",
    "dimension": "overworld",
    "displayName": "Windswept Hills",
    "color": 6316128,
    "rainfall": 0.3
  },
  {
    "id": 20,
    "name": "windswept_gravelly_hills",
    "category": "extreme_hills",
    "temperature": 0.2,
    "precipitation": "rain",
    "dimension": "overworld",
    "displayName": "Windswept Gravelly Hills",
    "color": 8947848,
    "rainfall": 0.3
  },
  {
    "id": 21,
    "name": "windswept_forest",
    "category": "forest",
    "temperature": 0.2,
    "precipitation": "rain",
    "dimension": "overworld",
    "displayName": "Windswept Forest",
    "color": 2250012,
    "rainfall": 0.3
  },
  {
    "id": 22,
    "name": "windswept_savanna",
    "category": "savanna",
    "temperature": 2.0,
    "precipitation": "none",
    "dimension": "overworld",
    "displayName": "Windswept Savanna",
    "color": 15063687,
    "rainfall": 0.0
  },
  {
    "id": 23,
    "name": "jungle",
    "category": "jungle",
    "temperature": 0.95,
    "precipitation": "rain",
    "dimension": "overworld",
    "displayName": "Jungle",
    "color": 5470985,
    "rainfall": 0.9
  },
  {
    "id": 24,
    "name": "sparse_jungle",
    "category": "jungle",
    "temperature": 0.95,
    "precipitation": "rain",
    "dimension": "overworld",
    "displayName": "Sparse Jungle",
    "color": 6458135,
    "rainfall": 0.8
  },
  {
    "id": 25,
    "name": "bamboo_jungle",
    "category": "jungle",
    "temperature": 0.95,
    "precipitation": "rain",
    "dimension": "overworld",
    "displayName": "Bamboo Jungle",
    "color": 7769620,
    "rainfall": 0.9
  },
  {
    "id": 26,
    "name": "badlands",
    "category": "mesa",
    "temperature": 2.0,
    "precipitation": "none",
    "dimension": "overworld",
    "displayName": "Badlands",
    "color": 14238997,
    "rainfall": 0.0
  },
  {
    "id": 27,
    "name": "eroded_badlands",
    "category": "mesa",
    "temperature": 2.0,
    "precipitation": "none",
    "dimension": "overworld",
    "displayName": "Eroded Badlands",
    "color": 16739645,
    "rainfall": 0.0
  },
  {
    "id": 28,
    "name": "wooded_badlands",
    "category": "mesa",
    "temperature": 2.0,
    "precipitation": "none",
    "dimension": "overworld",
    "displayName": "Wooded Badlands",
    "color": 11573093,
    "rainfall": 0.0
  },
  {
    "id": 29,
    "name": "meadow",
    "category": "mountain",
    "temperature": 0.5,
    "precipitation": "rain",
    "dimension": "overworld",
    "displayName": "Meadow",
    "color": 9217136,
    "rainfall": 0.8
  },
  {
    "id": 30,
    "name": "grove",
    "category": "forest",
    "temperature": -0.2,
    "precipitation": "snow",
    "dimension": "overworld",
    "displayName": "Grove",
    "color": 14675173,
    "rainfall": 0.8
  },
  {
    "id": 31,
    "name": "snowy_slopes",
    "category": "mountain",
    "temperature": -0.3,
    "precipitation": "snow",
    "dimension": "overworld",
    "displayName": "Snowy Slopes",
    "color": 14348785,
    "rainfall": 0.9
  },
  {
    "id": 32,
    "name": "frozen_peaks",
    "category": "ice",
    "temperature": -0.7,
    "precipitation": "snow",
    "dimension": "overworld",
    "displayName": "Frozen Peaks",
    "color": 15399931,
    "rainfall": 0.9
  },
  {
    "id": 33,
    "name": "jagged_peaks",
    "category": "mountain",
    "temperature": -0.7,
    "precipitation": "snow",
    "dimension": "overworld",
    "displayName": "Jagged Peaks",
    "color": 14937325,
    "rainfall": 0.9
  },
  {
    "id": 34,
    "name": "stony_peaks",
    "category": "mountain",
    "temperature": 1.0,
    "precipitation": "rain",
    "dimension": "overworld",
    "displayName": "Stony Peaks",
    "color": 13750737,
    "rainfall": 0.3
  },
  {
    "id": 35,
    "name": "river",
    "category": "river",
    "temperature": 0.5,
    "precipitation": "rain",
    "dimension": "overworld",
    "displayName": "River",
    "color": 255,
    "rainfall": 0.5
  },
  {
    "id": 36,
    "name": "frozen_river",
    "category": "ice",
    "temperature": 0.0,
    "precipitation": "snow",
    "dimension": "overworld",
    "displayName": "Frozen River",
    "color": 10526975,
    "rainfall": 0.5
  },
  {
    "id": 37,
    "name": "beach",
    "category": "beach",
    "temperature": 0.8,
    "precipitation": "rain",
    "dimension": "overworld",
    "displayName": "Beach",
    "color": 16440917,
    "rainfall": 0.4
  },
  {
    "id": 38,
    "name": "snowy_beach",
    "category": "beach",
    "temperature": 0.05,
    "precipitation": "snow",
    "dimension": "overworld",
    "displayName": "Snowy Beach",
    "color": 16445632,
    "rainfall": 0.3
  },
  {
    "id": 39,
    "name": "stony_shore",
    "category": "beach",
    "temperature": 0.2,
    "precipitation": "rain",
    "dimension": "overworld",
    "displayName": "Stony Shore",
    "color": 10658436,
    "rainfall": 0.3
  },
  {
    "id": 40,
    "name": "warm_ocean",
    "category": "ocean",
    "temperature": 0.5,
    "precipitation": "rain",
    "dimension": "overworld",
    "displayName": "Warm Ocean",
    "color": 172,
    "rainfall": 0.5
  },
  {
    "id": 41,
    "name": "lukewarm_ocean",
    "category": "ocean",
    "temperature": 0.5,
    "precipitation": "rain",
    "dimension": "overworld",
    "displayName": "Lukewarm Ocean",
    "color": 144,
    "rainfall": 0.5
  },
  {
    "id": 42,
    "name": "deep_lukewarm_ocean",
    "category": "ocean",
    "temperature": 0.5,
    "precipitation": "rain",
    "dimension": "overworld",
    "displayName": "Deep Lukewarm Ocean",
    "color": 64,
    "rainfall": 0.5
  },
  {
    "id": 43,
    "name": "ocean",
    "category": "ocean",
    "temperature": 0.5,
    "precipitation": "rain",
    "dimension": "overworld",
    "displayName": "Ocean",
    "color": 112,
    "rainfall": 0.5
  },
  {
    "id": 44,
    "name": "deep_ocean",
    "category": "ocean",
    "temperature": 0.5,
    "precipitation": "rain",
    "dimension": "overworld",
    "displayName": "Deep Ocean",
    "color": 48,
    "rainfall": 0.5
  },
  {
    "id": 45,
    "name": "cold_ocean",
    "category": "ocean",
    "temperature": 0.5,
    "precipitation": "rain",
    "dimension": "overworld",
    "displayName": "Cold Ocean",
    "color": 2105456,
    "rainfall": 0.5
  },
  {
    "id": 46,
    "name": "deep_cold_ocean",
    "category": "ocean",
    "temperature": 0.5,
    "precipitation": "rain",
    "dimension": "overworld",
    "displayName": "Deep Cold Ocean",
    "color": 2105400,
    "rainfall": 0.5
  },
  {
    "id": 47,
    "name": "frozen_ocean",
    "category": "ocean",
    "temperature": 0.0,
    "precipitation": "snow",
    "dimension": "overworld",
    "displayName": "Frozen Ocean",
    "color": 7368918,
    "rainfall": 0.5
  },
  {
    "id": 48,
    "name": "deep_frozen_ocean",
    "category": "ocean",
    "temperature": 0.5,
    "precipitation": "rain",
    "dimension": "overworld",
    "displayName": "Deep Frozen Ocean",
    "color": 4210832,
    "rainfall": 0.5
  },
  {
    "id": 49,
    "name": "mushroom_fields",
    "category": "mushroom",
    "temperature": 0.9,
    "precipitation": "rain",
    "dimension": "overworld",
    "displayName": "Mushroom Fields",
    "color": 16711935,
    "rainfall": 1.0
  },
  {
    "id": 50,
    "name": "dripstone_caves",
    "category": "underground",
    "temperature": 0.8,
    "precipitation": "rain",
    "dimension": "overworld",
    "displayName": "Dripstone Caves",
    "color": 12690831,
    "rainfall": 0.4
  },
  {
    "id": 51,
    "name": "lush_caves",
    "category": "underground",
    "temperature": 0.5,
    "precipitation": "rain",
    "dimension": "overworld",
    "displayName": "Lush Caves",
    "color": 14652980,
    "rainfall": 0.5
  },
  {
    "id": 52,
    "name": "deep_dark",
    "category": "underground",
    "temperature": 0.8,
    "precipitation": "rain",
    "dimension": "overworld",
    "displayName": "Deep Dark",
    "color": 0,
    "rainfall": 0.4
  },
  {
    "id": 53,
    "name": "nether_wastes",
    "category": "nether",
    "temperature": 2.0,
    "precipitation": "none",
    "dimension": "nether",
    "displayName": "Nether Wastes",
    "color": 12532539,
    "rainfall": 0.0
  },
  {
    "id": 54,
    "name": "warped_forest",
    "category": "nether",
    "temperature": 2.0,
    "precipitation": "none",
    "dimension": "nether",
    "displayName": "Warped Forest",
    "color": 4821115,
    "rainfall": 0.0
  },
  {
    "id": 55,
    "name": "crimson_forest",
    "category": "nether",
    "temperature": 2.0,
    "precipitation": "none",
    "dimension": "nether",
    "displayName": "Crimson Forest",
    "color": 14485512,
    "rainfall": 0.0
  },
  {
    "id": 56,
    "name": "soul_sand_valley",
    "category": "nether",
    "temperature": 2.0,
    "precipitation": "none",
    "dimension": "nether",
    "displayName": "Soul Sand Valley",
    "color": 6174768,
    "rainfall": 0.0
  },
  {
    "id": 57,
    "name": "basalt_deltas",
    "category": "nether",
    "temperature": 2.0,
    "precipitation": "none",
    "dimension": "nether",
    "displayName": "Basalt Deltas",
    "color": 4208182,
    "rainfall": 0.0
  },
  {
    "id": 58,
    "name": "the_end",
    "category": "the_end",
    "temperature": 0.5,
    "precipitation": "none",
    "dimension": "end",
    "displayName": "The End",
    "color": 8421631,
    "rainfall": 0.5
  },
  {
    "id": 59,
    "name": "end_highlands",
    "category": "the_end",
    "temperature": 0.5,
    "precipitation": "none",
    "dimension": "end",
    "displayName": "End Highlands",
    "color": 12828041,
    "rainfall": 0.5
  },
  {
    "id": 60,
    "name": "end_midlands",
    "category": "the_end",
    "temperature": 0.5,
    "precipitation": "none",
    "dimension": "end",
    "displayName": "End Midlands",
    "color": 15464630,
    "rainfall": 0.5
  },
  {
    "id": 61,
    "name": "small_end_islands",
    "category": "the_end",
    "temperature": 0.5,
    "precipitation": "none",
    "dimension": "end",
    "displayName": "Small End Islands",
    "color": 42,
    "rainfall": 0.5
  },
  {
    "id": 62,
    "name": "end_barrens",
    "category": "the_end",
    "temperature": 0.5,
    "precipitation": "none",
    "dimension": "end",
    "displayName": "End Barrens",
    "color": 9474162,
    "rainfall": 0.5
  }
]