[
  {
    "id": 717,
    "name": "apple",
    "stackSize": 64,
    "displayName": "Apple",
    "foodPoints": 4.0,
    "saturation": 2.4,
    "effectiveQuality": 6.4,
    "saturationRatio": 0.6
  },
  {
    "id": 767,
    "name": "mushroom_stew",
    "stackSize": 1,
    "displayName": "Mushroom Stew",
    "foodPoints": 6.0,
    "saturation": 7.2000003,
    "effectiveQuality": 13.200001,
    "saturationRatio": 1.2
  },
  {
    "id": 773,
    "name": "bread",
    "stackSize": 64,
    "displayName": "Bread",
    "foodPoints": 5.0,
    "saturation": 6.0,
    "effectiveQuality": 11.0,
    "saturationRatio": 1.2
  },
  {
    "id": 799,
    "name": "porkchop",
    "stackSize": 64,
    "displayName": "Raw Porkchop",
    "foodPoints": 3.0,
    "saturation": 1.8000001,
    "effectiveQuality": 4.8,
    "saturationRatio": 0.6
  },
  {
    "id": 800,
    "name": "cooked_porkchop",
    "stackSize": 64,
    "displayName": "Cooked Porkchop",
    "foodPoints": 8.0,
    "saturation": 12.8,
    "effectiveQuality": 20.8,
    "saturationRatio": 1.6
  },
  {
    "id": 802,
    "name": "golden_apple",
    "stackSize": 64,
    "displayName": "Golden Apple",
    "foodPoints": 4.0,
    "saturation": 9.6,
    "effectiveQuality": 13.6,
    "saturationRatio": 2.4
  },
  {
    "id": 803,
    "name": "enchanted_golden_apple",
    "stackSize": 64,
    "displayName": "Enchanted Golden Apple",
    "foodPoints": 4.0,
    "saturation": 9.6,
    "effectiveQuality": 13.6,
    "saturationRatio": 2.4
  },
  {
    "id": 840,
    "name": "cod",
    "stackSize": 64,
    "displayName": "Raw Cod",
    "foodPoints": 2.0,
    "saturation": 0.4,
    "effectiveQuality": 2.4,
    "saturationRatio": 0.2
  },
  {
    "id": 841,
    "name": "salmon",
    "stackSize": 64,
    "displayName": "Raw Salmon",
    "foodPoints": 2.0,
    "saturation": 0.4,
    "effectiveQuality": 2.4,
    "saturationRatio": 0.2
  },
  {
    "id": 842,
    "name": "tropical_fish",
    "stackSize": 64,
    "displayName": "Tropical Fish",
    "foodPoints": 1.0,
    "saturation": 0.2,
    "effectiveQuality": 1.2,
    "saturationRatio": 0.2
  },
  {
    "id": 843,
    "name": "pufferfish",
    "stackSize": 64,
    "displayName": "Pufferfish",
    "foodPoints": 1.0,
    "saturation": 0.2,
    "effectiveQuality": 1.2,
    "saturationRatio": 0.2
  },
  {
    "id": 844,
    "name": "cooked_cod",
    "stackSize": 64,
    "displayName": "Cooked Cod",
    "foodPoints": 5.0,
    "saturation": 6.0,
    "effectiveQuality": 11.0,
    "saturationRatio": 1.2
  },
  {
    "id": 845,
    "name": "cooked_salmon",
    "stackSize": 64,
    "displayName": "Cooked Salmon",
    "foodPoints": 6.0,
    "saturation": 9.6,
    "effectiveQuality": 15.6,
    "saturationRatio": 1.6
  },
  {
    "id": 885,
    "name": "cookie",
    "stackSize": 64,
    "displayName": "Cookie",
    "foodPoints": 2.0,
    "saturation": 0.4,
    "effectiveQuality": 2.4,
    "saturationRatio": 0.2
  },
  {
    "id": 888,
    "name": "melon_slice",
    "stackSize": 64,
    "displayName": "Melon Slice",
    "foodPoints": 2.0,
    "saturation": 1.2,
    "effectiveQuality": 3.2,
    "saturationRatio": 0.6
  },
  {
    "id": 889,
    "name": "dried_kelp",
    "stackSize": 64,
    "displayName": "Dried Kelp",
    "foodPoints": 1.0,
    "saturation": 0.6,
    "effectiveQuality": 1.6,
    "saturationRatio": 0.6
  },
  {
    "id": 892,
    "name": "beef",
    "stackSize": 64,
    "displayName": "Raw Beef",
    "foodPoints": 3.0,
    "saturation": 1.8000001,
    "effectiveQuality": 4.8,
    "saturationRatio": 0.6
  },
  {
    "id": 893,
    "name": "cooked_beef",
    "stackSize": 64,
    "displayName": "Steak",
    "foodPoints": 8.0,
    "saturation": 12.8,
    "effectiveQuality": 20.8,
    "saturationRatio": 1.6
  },
  {
    "id": 894,
    "name": "chicken",
    "stackSize": 64,
    "displayName": "Raw Chicken",
    "foodPoints": 2.0,
    "saturation": 1.2,
    "effectiveQuality": 3.2,
    "saturationRatio": 0.6
  },
  {
    "id": 895,
    "name": "cooked_chicken",
    "stackSize": 64,
    "displayName": "Cooked Chicken",
    "foodPoints": 6.0,
    "saturation": 7.2000003,
    "effectiveQuality": 13.200001,
    "saturationRatio": 1.2
  },
  {
    "id": 896,
    "name": "rotten_flesh",
    "stackSize": 64,
    "displayName": "Rotten Flesh",
    "foodPoints": 4.0,
    "saturation": 0.8,
    "effectiveQuality": 4.8,
    "saturationRatio": 0.2
  },
  {
    "id": 904,
    "name": "spider_eye",
    "stackSize": 64,
    "displayName": "Spider Eye",
    "foodPoints": 2.0,
    "saturation": 3.2,
    "effectiveQuality": 5.2,
    "saturationRatio": 1.6
  },
  {
    "id": 990,
    "name": "carrot",
    "stackSize": 64,
    "displayName": "Carrot",
    "foodPoints": 3.0,
    "saturation": 3.6000001,
    "effectiveQuality": 6.6000004,
    "saturationRatio": 1.2
  },
  {
    "id": 991,
    "name": "potato",
    "stackSize": 64,
    "displayName": "Potato",
    "foodPoints": 1.0,
    "saturation": 0.6,
    "effectiveQuality": 1.6,
    "saturationRatio": 0.6
  },
  {
    "id": 992,
    "name": "baked_potato",
    "stackSize": 64,
    "displayName": "Baked Potato",
    "foodPoints": 5.0,
    "saturation": 6.0,
    "effectiveQuality": 11.0,
    "saturationRatio": 1.2
  },
  {
    "id": 993,
    "name": "poisonous_potato",
    "stackSize": 64,
    "displayName": "Poisonous Potato",
    "foodPoints": 2.0,
    "saturation": 1.2,
    "effectiveQuality": 3.2,
    "saturationRatio": 0.6
  },
  {
    "id": 995,
    "name": "golden_carrot",
    "stackSize": 64,
    "displayName": "Golden Carrot",
    "foodPoints": 6.0,
    "saturation": 14.400001,
    "effectiveQuality": 20.400002,
    "saturationRatio": 2.4
  },
  {
    "id": 1003,
    "name": "pumpkin_pie",
    "stackSize": 64,
    "displayName": "Pumpkin Pie",
    "foodPoints": 8.0,
    "saturation": 4.8,
    "effectiveQuality": 12.8,
    "saturationRatio": 0.6
  },
  {
    "id": 1010,
    "name": "rabbit",
    "stackSize": 64,
    "displayName": "Raw Rabbit",
    "foodPoints": 3.0,
    "saturation": 1.8000001,
    "effectiveQuality": 4.8,
    "saturationRatio": 0.6
  },
  {
    "id": 1011,
    "name": "cooked_rabbit",
    "stackSize": 64,
    "displayName": "Cooked Rabbit",
    "foodPoints": 5.0,
    "saturation": 6.0,
    "effectiveQuality": 11.0,
    "saturationRatio": 1.2
  },
  {
    "id": 1012,
    "name": "rabbit_stew",
    "stackSize": 1,
    "displayName": "Rabbit Stew",
    "foodPoints": 10.0,
    "saturation": 12.0,
    "effectiveQuality": 22.0,
    "saturationRatio": 1.2
  },
  {
    "id": 1023,
    "name": "mutton",
    "stackSize": 64,
    "displayName": "Raw Mutton",
    "foodPoints": 2.0,
    "saturation": 1.2,
    "effectiveQuality": 3.2,
    "saturationRatio": 0.6
  },
  {
    "id": 1024,
    "name": "cooked_mutton",
    "stackSize": 64,
    "displayName": "Cooked Mutton",
    "foodPoints": 6.0,
    "saturation": 9.6,
    "effectiveQuality": 15.6,
    "saturationRatio": 1.6
  },
  {
    "id": 1042,
    "name": "chorus_fruit",
    "stackSize": 64,
    "displayName": "Chorus Fruit",
    "foodPoints": 4.0,
    "saturation": 2.4,
    "effectiveQuality": 6.4,
    "saturationRatio": 0.6
  },
  {
    "id": 1044,
    "name": "beetroot",
    "stackSize": 64,
    "displayName": "Beetroot",
    "foodPoints": 1.0,
    "saturation": 1.2,
    "effectiveQuality": 2.2,
    "saturationRatio": 1.2
  },
  {
    "id": 1046,
    "name": "beetroot_soup",
    "stackSize": 1,
    "displayName": "Beetroot Soup",
    "foodPoints": 6.0,
    "saturation": 7.2000003,
    "effectiveQuality": 13.200001,
    "saturationRatio": 1.2
  },
  {
    "id": 1079,
    "name": "suspicious_stew",
    "stackSize": 1,
    "displayName": "Suspicious Stew",
    "foodPoints": 6.0,
    "saturation": 7.2000003,
    "effectiveQuality": 13.200001,
    "saturationRatio": 1.2
  },
  {
    "id": 1100,
    "name": "sweet_berries",
    "stackSize": 64,
    "displayName": "Sweet Berries",
    "foodPoints": 2.0,
    "saturation": 0.4,
    "effectiveQuality": 2.4,
    "saturationRatio": 0.2
  },
  {
    "id": 1101,
    "name": "glow_berries",
    "stackSize": 64,
    "displayName": "Glow Berries",
    "foodPoints": 2.0,
    "saturation": 0.4,
    "effectiveQuality": 2.4,
    "saturationRatio": 0.2
  },
  {
    "id": 1108,
    "name": "honey_bottle",
    "stackSize": 16,
    "displayName": "Honey Bottle",
    "foodPoints": 6.0,
    "saturation": 1.2,
    "effectiveQuality": 7.2,
    "saturationRatio": 0.2
  }
]