{
  "gourd": {
    "735": 1.5,
    "740": 1.5,
    "745": 1.5,
    "750": 1.5,
    "760": 1.5,
    "755": 1.5
  },
  "wool": {
    "887": 5.0
  },
  "leaves;mineable/hoe": {
    "735": 1.5,
    "740": 1.5,
    "739": 2.0,
    "750": 1.5,
    "744": 4.0,
    "759": 8.0,
    "745": 1.5,
    "764": 9.0,
    "749": 12.0,
    "754": 6.0,
    "760": 1.5,
    "755": 1.5,
    "887": 15.0
  },
  "mineable/axe": {
    "758": 8.0,
    "763": 9.0,
    "738": 2.0,
    "748": 12.0,
    "743": 4.0,
    "753": 6.0
  },
  "coweb": {
    "735": 15.0,
    "740": 15.0,
    "745": 15.0,
    "750": 15.0,
    "760": 15.0,
    "755": 15.0,
    "887": 15.0
  },
  "default": {},
  "mineable/shovel": {
    "736": 2.0,
    "746": 12.0,
    "756": 8.0,
    "761": 9.0,
    "741": 4.0,
    "751": 6.0
  },
  "leaves": {
    "735": 1.5,
    "740": 1.5,
    "745": 1.5,
    "750": 1.5,
    "760": 1.5,
    "755": 1.5,
    "887": 15.0
  },
  "plant": {
    "735": 1.5,
    "740": 1.5,
    "745": 1.5,
    "750": 1.5,
    "760": 1.5,
    "755": 1.5
  },
  "mineable/pickaxe": {
    "752": 6.0,
    "737": 2.0,
    "757": 8.0,
    "742": 4.0,
    "747": 12.0,
    "762": 9.0
  },
  "vine_or_glow_lichen": {
    "887": 2.0
  },
  "mineable/hoe": {
    "759": 8.0,
    "739": 2.0,
    "764": 9.0,
    "744": 4.0,
    "749": 12.0,
    "754": 6.0
  },
  "gourd;mineable/axe": {
    "735": 1.5,
    "758": 8.0,
    "740": 1.5,
    "745": 1.5,
    "763": 9.0,
    "750": 1.5,
    "760": 1.5,
    "738": 2.0,
    "748": 12.0,
    "743": 4.0,
    "755": 1.5,
    "753": 6.0
  },
  "plant;mineable/axe": {
    "735": 1.5,
    "758": 8.0,
    "740": 1.5,
    "745": 1.5,
    "763": 9.0,
    "750": 1.5,
    "760": 1.5,
    "738": 2.0,
    "748": 12.0,
    "743": 4.0,
    "755": 1.5,
    "753": 6.0
  },
  "vine_or_glow_lichen;plant;mineable/axe": {
    "735": 1.5,
    "758": 8.0,
    "740": 1.5,
    "763": 9.0,
    "750": 1.5,
    "738": 2.0,
    "748": 12.0,
    "753": 6.0,
    "745": 1.5,
    "760": 1.5,
    "743": 4.0,
    "755": 1.5,
    "887": 2.0
  },
  "leaves;mineable/axe;mineable/hoe": {
    "735": 1.5,
    "758": 8.0,
    "740": 1.5,
    "739": 2.0,
    "763": 9.0,
    "750": 1.5,
    "744": 4.0,
    "738": 2.0,
    "748": 12.0,
    "753": 6.0,
    "759": 8.0,
    "745": 1.5,
    "764": 9.0,
    "749": 12.0,
    "754": 6.0,
    "760": 1.5,
    "743": 4.0,
    "755": 1.5,
    "887": 15.0
  }
}
