{
  "grass": {
    "data": [
      {
        "keys": [
          "the_void",
          "plains",
          "sunflower_plains",
          "snowy_plains",
          "ice_spikes",
          "desert",
          "forest",
          "flower_forest",
          "birch_forest",
          "old_growth_birch_forest",
          "old_growth_pine_taiga",
          "old_growth_spruce_taiga",
          "taiga",
          "snowy_taiga",
          "savanna",
          "savanna_plateau",
          "windswept_hills",
          "windswept_gravelly_hills",
          "windswept_forest",
          "windswept_savanna",
          "jungle",
          "sparse_jungle",
          "bamboo_jungle",
          "meadow",
          "grove",
          "snowy_slopes",
          "frozen_peaks",
          "jagged_peaks",
          "stony_peaks",
          "river",
          "frozen_river",
          "beach",
          "snowy_beach",
          "stony_shore",
          "warm_ocean",
          "lukewarm_ocean",
          "deep_lukewarm_ocean",
          "ocean",
          "deep_ocean",
          "cold_ocean",
          "deep_cold_ocean",
          "frozen_ocean",
          "deep_frozen_ocean",
          "mushroom_fields",
          "dripstone_caves",
          "lush_caves",
          "deep_dark",
          "nether_wastes",
          "warped_forest",
          "crimson_forest",
          "soul_sand_valley",
          "basalt_deltas",
          "the_end",
          "end_highlands",
          "end_midlands",
          "small_end_islands",
          "end_barrens"
        ],
        "color": 0
      },
      {
        "keys": [
          "dark_forest"
        ],
        "color": 1317381
      },
      {
        "keys": [
          "swamp",
          "mangrove_swamp"
        ],
        "color": 6975545
      },
      {
        "keys": [
          "badlands",
          "eroded_badlands",
          "wooded_badlands"
        ],
        "color": 9470285
      }
    ]
  },
  "foliage": {
    "data": [
      {
        "keys": [
          "the_void",
          "plains",
          "sunflower_plains",
          "snowy_plains",
          "ice_spikes",
          "desert",
          "forest",
          "flower_forest",
          "birch_forest",
          "dark_forest",
          "old_growth_birch_forest",
          "old_growth_pine_taiga",
          "old_growth_spruce_taiga",
          "taiga",
          "snowy_taiga",
          "savanna",
          "savanna_plateau",
          "windswept_hills",
          "windswept_gravelly_hills",
          "windswept_forest",
          "windswept_savanna",
          "jungle",
          "sparse_jungle",
          "bamboo_jungle",
          "meadow",
          "grove",
          "snowy_slopes",
          "frozen_peaks",
          "jagged_peaks",
          "stony_peaks",
          "river",
          "frozen_river",
          "beach",
          "snowy_beach",
          "stony_shore",
          "warm_ocean",
          "lukewarm_ocean",
          "deep_lukewarm_ocean",
          "ocean",
          "deep_ocean",
          "cold_ocean",
          "deep_cold_ocean",
          "frozen_ocean",
          "deep_frozen_ocean",
          "mushroom_fields",
          "dripstone_caves",
          "lush_caves",
          "deep_dark",
          "nether_wastes",
          "warped_forest",
          "crimson_forest",
          "soul_sand_valley",
          "basalt_deltas",
          "the_end",
          "end_highlands",
          "end_midlands",
          "small_end_islands",
          "end_barrens"
        ],
        "color": 0
      },
      {
        "keys": [
          "badlands",
          "eroded_badlands",
          "wooded_badlands"
        ],
        "color": 10387789
      },
      {
        "keys": [
          "swamp"
        ],
        "color": 6975545
      },
      {
        "keys": [
          "mangrove_swamp"
        ],
        "color": 9285927
      }
    ]
  },
  "water": {
    "data": [
      {
        "keys": [
          "frozen_river",
          "frozen_ocean",
          "deep_frozen_ocean"
        ],
        "color": 3750089
      },
      {
        "keys": [
          "mangrove_swamp"
        ],
        "color": 3832426
      },
      {
        "keys": [
          "meadow"
        ],
        "color": 937679
      },
      {
        "keys": [
          "swamp"
        ],
        "color": 6388580
      },
      {
        "keys": [
          "lukewarm_ocean",
          "deep_lukewarm_ocean"
        ],
        "color": 4566514
      },
      {
        "keys": [
          "snowy_taiga",
          "snowy_beach",
          "cold_ocean",
          "deep_cold_ocean"
        ],
        "color": 4020182
      },
      {
        "keys": [
          "the_void",
          "plains",
          "sunflower_plains",
          "snowy_plains",
          "ice_spikes",
          "desert",
          "forest",
          "flower_forest",
          "birch_forest",
          "dark_forest",
          "old_growth_birch_forest",
          "old_growth_pine_taiga",
          "old_growth_spruce_taiga",
          "taiga",
          "savanna",
          "savanna_plateau",
          "windswept_hills",
          "windswept_gravelly_hills",
          "windswept_forest",
          "windswept_savanna",
          "jungle",
          "sparse_jungle",
          "bamboo_jungle",
          "badlands",
          "eroded_badlands",
          "wooded_badlands",
          "grove",
          "snowy_slopes",
          "frozen_peaks",
          "jagged_peaks",
          "stony_peaks",
          "river",
          "beach",
          "stony_shore",
          "ocean",
          "deep_ocean",
          "mushroom_fields",
          "dripstone_caves",
          "lush_caves",
          "deep_dark",
          "nether_wastes",
          "warped_forest",
          "crimson_forest",
          "soul_sand_valley",
          "basalt_deltas",
          "the_end",
          "end_highlands",
          "end_midlands",
          "small_end_islands",
          "end_barrens"
        ],
        "color": 4159204
      },
      {
        "keys": [
          "warm_ocean"
        ],
        "color": 4445678
      }
    ]
  },
  "redstone": {
    "data": [
      {
        "keys": [
          0
        ],
        "color": 4980736
      },
      {
        "keys": [
          1
        ],
        "color": 7340032
      },
      {
        "keys": [
          2
        ],
        "color": 7995392
      },
      {
        "keys": [
          3
        ],
        "color": 8650752
      },
      {
        "keys": [
          4
        ],
        "color": 9306112
      },
      {
        "keys": [
          5
        ],
        "color": 10027008
      },
      {
        "keys": [
          6
        ],
        "color": 10682368
      },
      {
        "keys": [
          7
        ],
        "color": 11337728
      },
      {
        "keys": [
          8
        ],
        "color": 11993088
      },
      {
        "keys": [
          9
        ],
        "color": 12648448
      },
      {
        "keys": [
          10
        ],
        "color": 13369344
      },
      {
        "keys": [
          11
        ],
        "color": 14024704
      },
      {
        "keys": [
          12
        ],
        "color": 14680064
      },
      {
        "keys": [
          13
        ],
        "color": 15336960
      },
      {
        "keys": [
          14
        ],
        "color": 15997696
      },
      {
        "keys": [
          15
        ],
        "color": 16724480
      }
    ]
  },
  "constant": {
    "data": [
      {
        "keys": [
          "lily_pad"
        ],
        "color": 2129968
      },
      {
        "keys": [
          "attached_melon_stem"
        ],
        "color": 14731036
      },
      {
        "keys": [
          "melon_stem"
        ],
        "color": 65280
      },
      {
        "keys": [
          "pumpkin_stem"
        ],
        "color": 65280
      },
      {
        "keys": [
          "attached_pumpkin_stem"
        ],
        "color": 14731036
      },
      {
        "keys": [
          "spruce_leaves"
        ],
        "color": 6396257
      },
      {
        "keys": [
          "birch_leaves"
        ],
        "color": 8431445
      }
    ]
  }
}