[
  {
    "version": 534,
    "minecraftVersion": "1.19.10",
    "majorVersion": "1.19",
    "releaseType": "release"
  },
  {
    "version": 527,
    "minecraftVersion": "1.19.1",
    "majorVersion": "1.19",
    "releaseType": "release"
  },
  {
    "version": 503,
    "minecraftVersion": "1.18.30",
    "majorVersion": "1.18",
    "releaseType": "release"
  },
  {
    "version": 486,
    "minecraftVersion": "1.18.11",
    "majorVersion": "1.18",
    "releaseType": "release"
  },
  {
    "version": 475,
    "minecraftVersion": "1.18.0",
    "majorVersion": "1.18",
    "releaseType": "release"
  },
  {
    "version": 471,
    "minecraftVersion": "1.17.40",
    "majorVersion": "1.17",
    "releaseType": "release"
  },
  {
    "version": 465,
    "minecraftVersion": "1.17.30",
    "majorVersion": "1.17",
    "releaseType": "release"
  },
  {
    "version": 448,
    "minecraftVersion": "1.17.10",
    "majorVersion": "1.17",
    "releaseType": "release"
  },
  {
    "version": 440,
    "minecraftVersion": "1.17.0",
    "majorVersion": "1.17",
    "releaseType": "release"
  },
  {
    "version": 431,
    "minecraftVersion": "1.16.220",
    "majorVersion": "1.16",
    "releaseType": "release"
  },
  {
    "version": 428,
    "minecraftVersion": "1.16.210",
    "majorVersion": "1.16",
    "releaseType": "release"
  },
  {
    "version": 422,
    "minecraftVersion": "1.16.201",
    "majorVersion": "1.16",
    "releaseType": "release"
  },
  {
    "version": 100,
    "minecraftVersion": "1.0.0",
    "majorVersion": "1.0"
  },
  {
    "version": 82,
    "minecraftVersion": "0.15.6",
    "majorVersion": "0.15"
  },
  {
    "version": 70,
    "minecraftVersion": "0.14.3",
    "majorVersion": "0.14"
  }
]
