{
  "rock": {
    "600": 6,
    "585": 2,
    "590": 4,
    "605": 8,
    "610": 9,
    "595": 12
  },
  "wood": {
    "601": 6,
    "586": 2,
    "591": 4,
    "606": 8,
    "611": 9,
    "596": 12
  },
  "plant": {
    "601": 6,
    "598": 1.5,
    "583": 1.5,
    "586": 2,
    "588": 1.5,
    "591": 4,
    "603": 1.5,
    "606": 8,
    "611": 9,
    "608": 1.5,
    "593": 1.5,
    "596": 12
  },
  "melon": {
    "598": 1.5,
    "583": 1.5,
    "588": 1.5,
    "603": 1.5,
    "608": 1.5,
    "593": 1.5
  },
  "leaves": {
    "598": 1.5,
    "583": 1.5,
    "588": 1.5,
    "603": 1.5,
    "608": 1.5,
    "593": 1.5,
    "734": 6
  },
  "dirt": {
    "599": 6,
    "584": 2,
    "589": 4,
    "604": 8,
    "609": 9,
    "594": 12
  },
  "web": {
    "598": 15,
    "583": 15,
    "588": 15,
    "603": 15,
    "593": 15,
    "608": 15,
    "734": 15
  },
  "wool": {
    "734": 4.8
  }
}