{
  "gourd": {
    "699": 1.5,
    "704": 1.5,
    "709": 1.5,
    "714": 1.5,
    "719": 1.5,
    "724": 1.5
  },
  "wool": {
    "848": 5
  },
  "leaves;mineable/hoe": {
    "699": 1.5,
    "703": 2,
    "704": 1.5,
    "708": 4,
    "709": 1.5,
    "713": 12,
    "714": 1.5,
    "718": 6,
    "719": 1.5,
    "723": 8,
    "724": 1.5,
    "728": 9,
    "848": 15
  },
  "mineable/axe": {
    "702": 2,
    "707": 4,
    "712": 12,
    "717": 6,
    "722": 8,
    "727": 9
  },
  "coweb": {
    "699": 15,
    "704": 15,
    "709": 15,
    "714": 15,
    "719": 15,
    "724": 15,
    "848": 15
  },
  "default": {},
  "mineable/shovel": {
    "700": 2,
    "705": 4,
    "710": 12,
    "715": 6,
    "720": 8,
    "725": 9
  },
  "leaves": {
    "699": 1.5,
    "704": 1.5,
    "709": 1.5,
    "714": 1.5,
    "719": 1.5,
    "724": 1.5,
    "848": 15
  },
  "plant": {
    "699": 1.5,
    "704": 1.5,
    "709": 1.5,
    "714": 1.5,
    "719": 1.5,
    "724": 1.5
  },
  "mineable/pickaxe": {
    "701": 2,
    "706": 4,
    "711": 12,
    "716": 6,
    "721": 8,
    "726": 9
  },
  "vine_or_glow_lichen": {
    "848": 2
  },
  "mineable/hoe": {
    "703": 2,
    "708": 4,
    "713": 12,
    "718": 6,
    "723": 8,
    "728": 9
  },
  "gourd;mineable/axe": {
    "699": 1.5,
    "702": 2,
    "704": 1.5,
    "707": 4,
    "709": 1.5,
    "712": 12,
    "714": 1.5,
    "717": 6,
    "719": 1.5,
    "722": 8,
    "724": 1.5,
    "727": 9
  },
  "plant;mineable/axe": {
    "699": 1.5,
    "702": 2,
    "704": 1.5,
    "707": 4,
    "709": 1.5,
    "712": 12,
    "714": 1.5,
    "717": 6,
    "719": 1.5,
    "722": 8,
    "724": 1.5,
    "727": 9
  },
  "vine_or_glow_lichen;plant;mineable/axe": {
    "699": 1.5,
    "702": 2,
    "704": 1.5,
    "707": 4,
    "709": 1.5,
    "712": 12,
    "714": 1.5,
    "717": 6,
    "719": 1.5,
    "722": 8,
    "724": 1.5,
    "727": 9,
    "848": 2
  },
  "leaves;mineable/axe;mineable/hoe": {
    "699": 1.5,
    "702": 2,
    "703": 2,
    "704": 1.5,
    "707": 4,
    "708": 4,
    "709": 1.5,
    "712": 12,
    "713": 12,
    "714": 1.5,
    "717": 6,
    "718": 6,
    "719": 1.5,
    "722": 8,
    "723": 8,
    "724": 1.5,
    "727": 9,
    "728": 9,
    "848": 15
  }
}
