{
  "pc": {
    "0.30c": {
      "blocks": "pc/0.30c",
      "protocol": "pc/0.30c",
      "version": "pc/0.30c"
    },
    "1.7": {
      "attributes": "pc/1.7",
      "blocks": "pc/1.7",
      "blockCollisionShapes": "pc/1.7",
      "biomes": "pc/1.7",
      "enchantments": "pc/1.7",
      "effects": "pc/1.7",
      "items": "pc/1.7",
      "recipes": "pc/1.8",
      "instruments": "pc/1.7",
      "materials": "pc/1.7",
      "entities": "pc/1.7",
      "protocol": "pc/1.7",
      "windows": "pc/1.7",
      "version": "pc/1.7",
      "language": "pc/1.7",
      "foods": "pc/1.7",
      "particles": "pc/1.7",
      "tints": "pc/1.16.2",
      "mapIcons": "pc/1.7"
    },
    "1.8": {
      "attributes": "pc/1.8",
      "blocks": "pc/1.8",
      "blockCollisionShapes": "pc/1.8",
      "biomes": "pc/1.8",
      "enchantments": "pc/1.8",
      "effects": "pc/1.8",
      "items": "pc/1.8",
      "recipes": "pc/1.8",
      "instruments": "pc/1.8",
      "materials": "pc/1.8",
      "entities": "pc/1.8",
      "protocol": "pc/1.8",
      "windows": "pc/1.8",
      "version": "pc/1.8",
      "language": "pc/1.8",
      "foods": "pc/1.8",
      "particles": "pc/1.8",
      "tints": "pc/1.16.2",
      "mapIcons": "pc/1.7"
    },
    "15w40b": {
      "attributes": "pc/1.9",
      "blocks": "pc/1.9",
      "blockCollisionShapes": "pc/1.9",
      "biomes": "pc/1.9",
      "effects": "pc/1.9",
      "enchantments": "pc/1.9",
      "items": "pc/1.9",
      "recipes": "pc/1.9",
      "instruments": "pc/1.9",
      "materials": "pc/1.9",
      "entities": "pc/1.9",
      "protocol": "pc/15w40b",
      "windows": "pc/1.9",
      "version": "pc/15w40b",
      "language": "pc/1.9",
      "particles": "pc/15w40b",
      "tints": "pc/1.16.2",
      "mapIcons": "pc/1.7"
    },
    "1.9": {
      "attributes": "pc/1.9",
      "blocks": "pc/1.9",
      "blockCollisionShapes": "pc/1.9",
      "biomes": "pc/1.9",
      "effects": "pc/1.9",
      "enchantments": "pc/1.9",
      "items": "pc/1.9",
      "recipes": "pc/1.9",
      "instruments": "pc/1.9",
      "materials": "pc/1.9",
      "entities": "pc/1.9",
      "protocol": "pc/1.9",
      "windows": "pc/1.9",
      "version": "pc/1.9",
      "language": "pc/1.9",
      "foods": "pc/1.9",
      "particles": "pc/1.9",
      "tints": "pc/1.16.2",
      "mapIcons": "pc/1.7"
    },
    "1.9.1-pre2": {
      "attributes": "pc/1.9",
      "blocks": "pc/1.9",
      "blockCollisionShapes": "pc/1.9",
      "biomes": "pc/1.9",
      "effects": "pc/1.9",
      "enchantments": "pc/1.9",
      "items": "pc/1.9",
      "recipes": "pc/1.9",
      "instruments": "pc/1.9",
      "materials": "pc/1.9",
      "entities": "pc/1.9",
      "protocol": "pc/1.9.1-pre2",
      "windows": "pc/1.9",
      "version": "pc/1.9.1-pre2",
      "language": "pc/1.9",
      "foods": "pc/1.9",
      "particles": "pc/1.9",
      "tints": "pc/1.16.2",
      "mapIcons": "pc/1.7"
    },
    "1.9.2": {
      "attributes": "pc/1.9",
      "blocks": "pc/1.9",
      "blockCollisionShapes": "pc/1.9",
      "biomes": "pc/1.9",
      "effects": "pc/1.9",
      "enchantments": "pc/1.9",
      "items": "pc/1.9",
      "recipes": "pc/1.9",
      "instruments": "pc/1.9",
      "materials": "pc/1.9",
      "entities": "pc/1.9",
      "protocol": "pc/1.9.2",
      "protocolComments": "pc/1.9.2",
      "windows": "pc/1.9",
      "version": "pc/1.9.2",
      "language": "pc/1.9",
      "foods": "pc/1.9",
      "particles": "pc/1.9",
      "tints": "pc/1.16.2",
      "mapIcons": "pc/1.7"
    },
    "1.9.4": {
      "attributes": "pc/1.9",
      "blocks": "pc/1.9",
      "blockCollisionShapes": "pc/1.9",
      "biomes": "pc/1.9",
      "effects": "pc/1.9",
      "enchantments": "pc/1.9",
      "items": "pc/1.9",
      "recipes": "pc/1.9",
      "instruments": "pc/1.9",
      "materials": "pc/1.9",
      "entities": "pc/1.9",
      "protocol": "pc/1.9.4",
      "windows": "pc/1.9",
      "version": "pc/1.9.4",
      "language": "pc/1.9",
      "foods": "pc/1.9",
      "particles": "pc/1.9",
      "tints": "pc/1.16.2",
      "mapIcons": "pc/1.7"
    },
    "16w20a": {
      "attributes": "pc/1.9",
      "blocks": "pc/1.9",
      "blockCollisionShapes": "pc/1.9",
      "biomes": "pc/1.9",
      "effects": "pc/1.9",
      "enchantments": "pc/1.9",
      "items": "pc/1.9",
      "recipes": "pc/1.9",
      "instruments": "pc/1.9",
      "materials": "pc/1.9",
      "entities": "pc/1.9",
      "protocol": "pc/16w20a",
      "windows": "pc/1.9",
      "version": "pc/16w20a",
      "language": "pc/1.9",
      "foods": "pc/1.9",
      "particles": "pc/1.10",
      "tints": "pc/1.16.2",
      "mapIcons": "pc/1.7"
    },
    "1.10-pre1": {
      "attributes": "pc/1.9",
      "blocks": "pc/1.9",
      "blockCollisionShapes": "pc/1.9",
      "biomes": "pc/1.9",
      "effects": "pc/1.9",
      "enchantments": "pc/1.9",
      "items": "pc/1.9",
      "recipes": "pc/1.9",
      "instruments": "pc/1.9",
      "materials": "pc/1.9",
      "entities": "pc/1.9",
      "protocol": "pc/1.10-pre1",
      "windows": "pc/1.9",
      "version": "pc/1.10-pre1",
      "language": "pc/1.9",
      "foods": "pc/1.9",
      "particles": "pc/1.10",
      "tints": "pc/1.16.2",
      "mapIcons": "pc/1.7"
    },
    "1.10": {
      "attributes": "pc/1.10",
      "blocks": "pc/1.10",
      "blockCollisionShapes": "pc/1.10",
      "biomes": "pc/1.10",
      "effects": "pc/1.10",
      "enchantments": "pc/1.10",
      "items": "pc/1.10",
      "recipes": "pc/1.10",
      "instruments": "pc/1.10",
      "materials": "pc/1.10",
      "entities": "pc/1.10",
      "protocol": "pc/1.10",
      "windows": "pc/1.10",
      "version": "pc/1.10",
      "language": "pc/1.10",
      "foods": "pc/1.10",
      "particles": "pc/1.10",
      "tints": "pc/1.16.2",
      "mapIcons": "pc/1.7"
    },
    "1.10.1": {
      "attributes": "pc/1.10",
      "blocks": "pc/1.10",
      "blockCollisionShapes": "pc/1.10",
      "biomes": "pc/1.10",
      "effects": "pc/1.10",
      "enchantments": "pc/1.10",
      "items": "pc/1.10",
      "recipes": "pc/1.10",
      "instruments": "pc/1.10",
      "materials": "pc/1.10",
      "entities": "pc/1.10",
      "protocol": "pc/1.10",
      "windows": "pc/1.10",
      "version": "pc/1.10.1",
      "language": "pc/1.10",
      "foods": "pc/1.10",
      "particles": "pc/1.10",
      "tints": "pc/1.16.2",
      "mapIcons": "pc/1.7"
    },
    "1.10.2": {
      "attributes": "pc/1.10",
      "blocks": "pc/1.10",
      "blockCollisionShapes": "pc/1.10",
      "biomes": "pc/1.10",
      "effects": "pc/1.10",
      "enchantments": "pc/1.10",
      "items": "pc/1.10",
      "recipes": "pc/1.10",
      "instruments": "pc/1.10",
      "materials": "pc/1.10",
      "entities": "pc/1.10",
      "protocol": "pc/1.10",
      "windows": "pc/1.10",
      "version": "pc/1.10.2",
      "language": "pc/1.10",
      "foods": "pc/1.10",
      "particles": "pc/1.10",
      "tints": "pc/1.16.2",
      "mapIcons": "pc/1.7"
    },
    "16w35a": {
      "attributes": "pc/1.10",
      "blocks": "pc/1.10",
      "blockCollisionShapes": "pc/1.10",
      "biomes": "pc/1.10",
      "effects": "pc/1.10",
      "enchantments": "pc/1.10",
      "items": "pc/1.10",
      "recipes": "pc/1.10",
      "instruments": "pc/1.10",
      "materials": "pc/1.10",
      "entities": "pc/1.10",
      "protocol": "pc/16w35a",
      "windows": "pc/1.10",
      "version": "pc/16w35a",
      "language": "pc/1.10",
      "foods": "pc/1.10",
      "particles": "pc/1.10",
      "tints": "pc/1.16.2",
      "mapIcons": "pc/1.7"
    },
    "1.11": {
      "attributes": "pc/1.11",
      "blocks": "pc/1.11",
      "blockCollisionShapes": "pc/1.11",
      "biomes": "pc/1.11",
      "effects": "pc/1.11",
      "enchantments": "pc/1.11",
      "items": "pc/1.11",
      "recipes": "pc/1.11",
      "instruments": "pc/1.11",
      "materials": "pc/1.11",
      "entities": "pc/1.11",
      "protocol": "pc/1.11",
      "protocolComments": "pc/1.11.2",
      "windows": "pc/1.11",
      "version": "pc/1.11",
      "language": "pc/1.11",
      "foods": "pc/1.11",
      "particles": "pc/1.11",
      "tints": "pc/1.16.2",
      "mapIcons": "pc/1.11"
    },
    "1.11.2": {
      "attributes": "pc/1.11",
      "blocks": "pc/1.11",
      "blockCollisionShapes": "pc/1.11",
      "biomes": "pc/1.11",
      "effects": "pc/1.11",
      "enchantments": "pc/1.11",
      "items": "pc/1.11",
      "recipes": "pc/1.11",
      "instruments": "pc/1.11",
      "materials": "pc/1.11",
      "entities": "pc/1.11",
      "protocol": "pc/1.11",
      "protocolComments": "pc/1.11.2",
      "windows": "pc/1.11",
      "version": "pc/1.11.2",
      "language": "pc/1.11",
      "foods": "pc/1.11",
      "particles": "pc/1.11",
      "tints": "pc/1.16.2",
      "mapIcons": "pc/1.11"
    },
    "17w15a": {
      "attributes": "pc/1.11",
      "blocks": "pc/1.11",
      "blockCollisionShapes": "pc/1.11",
      "biomes": "pc/1.11",
      "effects": "pc/1.11",
      "enchantments": "pc/1.11",
      "items": "pc/1.11",
      "recipes": "pc/1.11",
      "instruments": "pc/1.11",
      "materials": "pc/1.11",
      "entities": "pc/1.11",
      "protocol": "pc/17w15a",
      "windows": "pc/1.11",
      "version": "pc/17w15a",
      "language": "pc/1.11",
      "foods": "pc/1.11",
      "particles": "pc/1.11",
      "tints": "pc/1.16.2",
      "mapIcons": "pc/1.11"
    },
    "17w18b": {
      "attributes": "pc/1.11",
      "blocks": "pc/1.11",
      "blockCollisionShapes": "pc/1.11",
      "biomes": "pc/1.11",
      "effects": "pc/1.11",
      "enchantments": "pc/1.11",
      "items": "pc/1.11",
      "recipes": "pc/1.11",
      "instruments": "pc/1.11",
      "materials": "pc/1.11",
      "entities": "pc/1.11",
      "protocol": "pc/17w18b",
      "windows": "pc/1.11",
      "version": "pc/17w18b",
      "language": "pc/1.11",
      "foods": "pc/1.11",
      "particles": "pc/1.11",
      "tints": "pc/1.16.2",
      "mapIcons": "pc/1.11"
    },
    "1.12-pre4": {
      "attributes": "pc/1.11",
      "blocks": "pc/1.11",
      "blockCollisionShapes": "pc/1.11",
      "biomes": "pc/1.11",
      "effects": "pc/1.11",
      "enchantments": "pc/1.11",
      "items": "pc/1.11",
      "recipes": "pc/1.11",
      "instruments": "pc/1.11",
      "materials": "pc/1.11",
      "entities": "pc/1.11",
      "protocol": "pc/1.12-pre4",
      "windows": "pc/1.11",
      "version": "pc/1.12-pre4",
      "language": "pc/1.11",
      "foods": "pc/1.11",
      "particles": "pc/1.11",
      "tints": "pc/1.16.2",
      "mapIcons": "pc/1.11"
    },
    "1.12": {
      "attributes": "pc/1.12",
      "blocks": "pc/1.12",
      "blockCollisionShapes": "pc/1.12",
      "biomes": "pc/1.12",
      "effects": "pc/1.12",
      "enchantments": "pc/1.12",
      "items": "pc/1.12",
      "recipes": "pc/1.12",
      "instruments": "pc/1.12",
      "materials": "pc/1.12",
      "entities": "pc/1.12",
      "protocol": "pc/1.12",
      "windows": "pc/1.12",
      "version": "pc/1.12",
      "language": "pc/1.12",
      "foods": "pc/1.12",
      "particles": "pc/1.12",
      "tints": "pc/1.16.2",
      "mapIcons": "pc/1.11"
    },
    "1.12.1": {
      "attributes": "pc/1.12",
      "blocks": "pc/1.12",
      "blockCollisionShapes": "pc/1.12",
      "biomes": "pc/1.12",
      "effects": "pc/1.12",
      "enchantments": "pc/1.12",
      "items": "pc/1.12",
      "recipes": "pc/1.12",
      "instruments": "pc/1.12",
      "materials": "pc/1.12",
      "entities": "pc/1.12",
      "protocol": "pc/1.12.1",
      "windows": "pc/1.12",
      "version": "pc/1.12.1",
      "language": "pc/1.12",
      "foods": "pc/1.12",
      "particles": "pc/1.12",
      "tints": "pc/1.16.2",
      "mapIcons": "pc/1.11"
    },
    "1.12.2": {
      "attributes": "pc/1.12",
      "blocks": "pc/1.12",
      "blockCollisionShapes": "pc/1.12",
      "biomes": "pc/1.12",
      "effects": "pc/1.12",
      "enchantments": "pc/1.12",
      "items": "pc/1.12",
      "recipes": "pc/1.12",
      "instruments": "pc/1.12",
      "materials": "pc/1.12",
      "entities": "pc/1.12",
      "protocol": "pc/1.12.2",
      "windows": "pc/1.12",
      "version": "pc/1.12.2",
      "language": "pc/1.12",
      "foods": "pc/1.12",
      "particles": "pc/1.12",
      "tints": "pc/1.16.2",
      "mapIcons": "pc/1.11"
    },
    "17w50a": {
      "attributes": "pc/1.12",
      "blocks": "pc/1.12",
      "blockCollisionShapes": "pc/1.12",
      "biomes": "pc/1.12",
      "effects": "pc/1.12",
      "enchantments": "pc/1.12",
      "items": "pc/1.12",
      "recipes": "pc/1.12",
      "instruments": "pc/1.12",
      "materials": "pc/1.12",
      "entities": "pc/1.12",
      "protocol": "pc/17w50a",
      "windows": "pc/1.12",
      "version": "pc/17w50a",
      "language": "pc/1.12",
      "foods": "pc/1.12",
      "particles": "pc/17w50a",
      "tints": "pc/1.16.2",
      "mapIcons": "pc/1.11"
    },
    "1.13": {
      "attributes": "pc/1.13",
      "blocks": "pc/1.13",
      "blockCollisionShapes": "pc/1.13",
      "biomes": "pc/1.13",
      "effects": "pc/1.13",
      "enchantments": "pc/1.13",
      "items": "pc/1.13",
      "recipes": "pc/1.13",
      "instruments": "pc/1.13",
      "materials": "pc/1.13",
      "entities": "pc/1.13",
      "protocol": "pc/1.13",
      "windows": "pc/1.13",
      "version": "pc/1.13",
      "language": "pc/1.13",
      "foods": "pc/1.13.2",
      "particles": "pc/1.13",
      "commands": "pc/1.13",
      "tints": "pc/1.16.2",
      "mapIcons": "pc/1.13"
    },
    "1.13.1": {
      "attributes": "pc/1.13",
      "blocks": "pc/1.13",
      "blockCollisionShapes": "pc/1.13",
      "biomes": "pc/1.13",
      "effects": "pc/1.13",
      "enchantments": "pc/1.13",
      "items": "pc/1.13",
      "recipes": "pc/1.13",
      "instruments": "pc/1.13",
      "materials": "pc/1.13",
      "entities": "pc/1.13",
      "protocol": "pc/1.13.1",
      "windows": "pc/1.13",
      "version": "pc/1.13.1",
      "language": "pc/1.13",
      "foods": "pc/1.13.2",
      "particles": "pc/1.13",
      "commands": "pc/1.13.1",
      "tints": "pc/1.16.2",
      "mapIcons": "pc/1.13"
    },
    "1.13.2-pre1": {
      "attributes": "pc/1.13",
      "blocks": "pc/1.13",
      "blockCollisionShapes": "pc/1.13",
      "biomes": "pc/1.13",
      "effects": "pc/1.13",
      "enchantments": "pc/1.13",
      "items": "pc/1.13",
      "recipes": "pc/1.13",
      "instruments": "pc/1.13",
      "materials": "pc/1.13",
      "entities": "pc/1.13",
      "protocol": "pc/1.13.2-pre1",
      "windows": "pc/1.13",
      "version": "pc/1.13.2-pre1",
      "language": "pc/1.13",
      "foods": "pc/1.13.2",
      "particles": "pc/1.13",
      "tints": "pc/1.16.2",
      "mapIcons": "pc/1.13"
    },
    "1.13.2-pre2": {
      "attributes": "pc/1.13",
      "blocks": "pc/1.13",
      "blockCollisionShapes": "pc/1.13",
      "biomes": "pc/1.13",
      "effects": "pc/1.13",
      "enchantments": "pc/1.13",
      "items": "pc/1.13",
      "recipes": "pc/1.13",
      "instruments": "pc/1.13",
      "materials": "pc/1.13",
      "entities": "pc/1.13",
      "protocol": "pc/1.13.2-pre2",
      "windows": "pc/1.13",
      "version": "pc/1.13.2-pre2",
      "language": "pc/1.13",
      "foods": "pc/1.13.2",
      "particles": "pc/1.13",
      "tints": "pc/1.16.2",
      "mapIcons": "pc/1.13"
    },
    "1.13.2": {
      "attributes": "pc/1.13",
      "blocks": "pc/1.13.2",
      "blockCollisionShapes": "pc/1.13.2",
      "biomes": "pc/1.13.2",
      "effects": "pc/1.13.2",
      "enchantments": "pc/1.13.2",
      "items": "pc/1.13.2",
      "recipes": "pc/1.13.2",
      "instruments": "pc/1.13.2",
      "materials": "pc/1.13.2",
      "entities": "pc/1.13.2",
      "protocol": "pc/1.13.2",
      "windows": "pc/1.13.2",
      "version": "pc/1.13.2",
      "language": "pc/1.13.2",
      "foods": "pc/1.13.2",
      "particles": "pc/1.13",
      "commands": "pc/1.13.2",
      "tints": "pc/1.16.2",
      "mapIcons": "pc/1.13"
    },
    "1.14": {
      "attributes": "pc/1.14",
      "blocks": "pc/1.14.4",
      "blockCollisionShapes": "pc/1.14",
      "biomes": "pc/1.14",
      "enchantments": "pc/1.13.2",
      "effects": "pc/1.14.4",
      "items": "pc/1.14",
      "recipes": "pc/1.14",
      "instruments": "pc/1.14.4",
      "materials": "pc/1.14.4",
      "entities": "pc/1.14",
      "language": "pc/1.14",
      "protocol": "pc/1.14",
      "version": "pc/1.14",
      "windows": "pc/1.14.4",
      "foods": "pc/1.14.4",
      "particles": "pc/1.14",
      "blockLoot": "pc/1.14.4",
      "entityLoot": "pc/1.14.4",
      "commands": "pc/1.14",
      "tints": "pc/1.16.2",
      "mapIcons": "pc/1.13"
    },
    "1.14.1": {
      "attributes": "pc/1.14",
      "blocks": "pc/1.14.4",
      "blockCollisionShapes": "pc/1.14.4",
      "biomes": "pc/1.14",
      "enchantments": "pc/1.13.2",
      "effects": "pc/1.14.4",
      "items": "pc/1.14",
      "recipes": "pc/1.14",
      "instruments": "pc/1.14.4",
      "materials": "pc/1.14.4",
      "entities": "pc/1.14",
      "language": "pc/1.14",
      "protocol": "pc/1.14.1",
      "version": "pc/1.14.1",
      "windows": "pc/1.14.4",
      "foods": "pc/1.14.4",
      "particles": "pc/1.14",
      "blockLoot": "pc/1.14.4",
      "entityLoot": "pc/1.14.4",
      "commands": "pc/1.14.1",
      "tints": "pc/1.16.2",
      "mapIcons": "pc/1.13"
    },
    "1.14.3": {
      "attributes": "pc/1.14",
      "blocks": "pc/1.14.4",
      "enchantments": "pc/1.13.2",
      "blockCollisionShapes": "pc/1.14.4",
      "biomes": "pc/1.14",
      "effects": "pc/1.14.4",
      "items": "pc/1.14",
      "recipes": "pc/1.14",
      "instruments": "pc/1.14.4",
      "materials": "pc/1.14.4",
      "entities": "pc/1.14",
      "language": "pc/1.14",
      "protocol": "pc/1.14.3",
      "version": "pc/1.14.3",
      "windows": "pc/1.14.4",
      "foods": "pc/1.14.4",
      "particles": "pc/1.14",
      "blockLoot": "pc/1.14.4",
      "entityLoot": "pc/1.14.4",
      "commands": "pc/1.14.3",
      "tints": "pc/1.16.2",
      "mapIcons": "pc/1.13"
    },
    "1.14.4": {
      "attributes": "pc/1.14",
      "blocks": "pc/1.14.4",
      "blockCollisionShapes": "pc/1.14.4",
      "biomes": "pc/1.14.4",
      "enchantments": "pc/1.13.2",
      "effects": "pc/1.14.4",
      "items": "pc/1.14.4",
      "recipes": "pc/1.14.4",
      "instruments": "pc/1.14.4",
      "materials": "pc/1.14.4",
      "entities": "pc/1.14.4",
      "protocol": "pc/1.14.4",
      "windows": "pc/1.14.4",
      "version": "pc/1.14.4",
      "language": "pc/1.14.4",
      "foods": "pc/1.14.4",
      "particles": "pc/1.14",
      "blockLoot": "pc/1.14.4",
      "entityLoot": "pc/1.14.4",
      "commands": "pc/1.14.4",
      "tints": "pc/1.16.2",
      "mapIcons": "pc/1.13"
    },
    "1.15": {
      "attributes": "pc/1.15",
      "blockCollisionShapes": "pc/1.15",
      "protocol": "pc/1.15",
      "enchantments": "pc/1.13.2",
      "version": "pc/1.15",
      "blocks": "pc/1.15.2",
      "biomes": "pc/1.15",
      "effects": "pc/1.15.2",
      "items": "pc/1.15.2",
      "recipes": "pc/1.15.2",
      "instruments": "pc/1.15.2",
      "materials": "pc/1.15.2",
      "entities": "pc/1.15.2",
      "windows": "pc/1.15.2",
      "language": "pc/1.15.2",
      "foods": "pc/1.15.2",
      "particles": "pc/1.15",
      "blockLoot": "pc/1.15.2",
      "entityLoot": "pc/1.15.2",
      "commands": "pc/1.15",
      "tints": "pc/1.16.2",
      "mapIcons": "pc/1.13"
    },
    "1.15.1": {
      "attributes": "pc/1.15",
      "protocol": "pc/1.15.1",
      "version": "pc/1.15.1",
      "blocks": "pc/1.15.2",
      "blockCollisionShapes": "pc/1.15.2",
      "enchantments": "pc/1.13.2",
      "biomes": "pc/1.15",
      "effects": "pc/1.15.2",
      "items": "pc/1.15.2",
      "recipes": "pc/1.15.2",
      "instruments": "pc/1.15.2",
      "materials": "pc/1.15.2",
      "entities": "pc/1.15.2",
      "windows": "pc/1.15.2",
      "language": "pc/1.15.2",
      "foods": "pc/1.15.2",
      "particles": "pc/1.15",
      "blockLoot": "pc/1.15.2",
      "entityLoot": "pc/1.15.2",
      "commands": "pc/1.15.1",
      "tints": "pc/1.16.2",
      "mapIcons": "pc/1.13"
    },
    "1.15.2": {
      "attributes": "pc/1.15",
      "blocks": "pc/1.15.2",
      "blockCollisionShapes": "pc/1.15.2",
      "enchantments": "pc/1.13.2",
      "biomes": "pc/1.15.2",
      "effects": "pc/1.15.2",
      "items": "pc/1.15.2",
      "recipes": "pc/1.15.2",
      "instruments": "pc/1.15.2",
      "materials": "pc/1.15.2",
      "entities": "pc/1.15.2",
      "protocol": "pc/1.15.2",
      "windows": "pc/1.15.2",
      "version": "pc/1.15.2",
      "language": "pc/1.15.2",
      "foods": "pc/1.15.2",
      "particles": "pc/1.15",
      "blockLoot": "pc/1.15.2",
      "entityLoot": "pc/1.15.2",
      "commands": "pc/1.15.2",
      "tints": "pc/1.16.2",
      "mapIcons": "pc/1.13"
    },
    "20w13b": {
      "attributes": "pc/1.16",
      "protocol": "pc/20w13b",
      "version": "pc/20w13b",
      "blocks": "pc/1.16.1",
      "enchantments": "pc/1.13.2",
      "biomes": "pc/1.16",
      "effects": "pc/1.16.1",
      "items": "pc/1.16.1",
      "recipes": "pc/1.16.1",
      "instruments": "pc/1.16.1",
      "entities": "pc/1.16.1",
      "windows": "pc/1.16.1",
      "blockCollisionShapes": "pc/1.16.1",
      "materials": "pc/1.16.1",
      "language": "pc/1.16.1",
      "foods": "pc/1.16.1",
      "particles": "pc/20w13b",
      "blockLoot": "pc/1.16.1",
      "entityLoot": "pc/1.16.1",
      "tints": "pc/1.16.2",
      "mapIcons": "pc/1.16"
    },
    "20w14a": {
      "attributes": "pc/1.16",
      "protocol": "pc/20w13b",
      "version": "pc/20w14a",
      "blocks": "pc/1.16.1",
      "biomes": "pc/1.16",
      "effects": "pc/1.16.1",
      "enchantments": "pc/1.13.2",
      "items": "pc/1.16.1",
      "recipes": "pc/1.16.1",
      "instruments": "pc/1.16.1",
      "entities": "pc/1.16.1",
      "windows": "pc/1.16.1",
      "blockCollisionShapes": "pc/1.16.1",
      "materials": "pc/1.16.1",
      "language": "pc/1.16.1",
      "foods": "pc/1.16.1",
      "particles": "pc/20w13b",
      "blockLoot": "pc/1.16.1",
      "entityLoot": "pc/1.16.1",
      "tints": "pc/1.16.2",
      "mapIcons": "pc/1.16"
    },
    "1.16-rc1": {
      "attributes": "pc/1.16",
      "protocol": "pc/1.16-rc1",
      "version": "pc/1.16-rc1",
      "blocks": "pc/1.16.1",
      "biomes": "pc/1.16",
      "effects": "pc/1.16.1",
      "enchantments": "pc/1.13.2",
      "items": "pc/1.16.1",
      "recipes": "pc/1.16.1",
      "instruments": "pc/1.16.1",
      "entities": "pc/1.16.1",
      "windows": "pc/1.16.1",
      "blockCollisionShapes": "pc/1.16.1",
      "materials": "pc/1.16.1",
      "language": "pc/1.16.1",
      "foods": "pc/1.16.1",
      "particles": "pc/1.16",
      "blockLoot": "pc/1.16.1",
      "entityLoot": "pc/1.16.1",
      "tints": "pc/1.16.2",
      "mapIcons": "pc/1.16"
    },
    "1.16": {
      "attributes": "pc/1.16",
      "protocol": "pc/1.16",
      "version": "pc/1.16",
      "blocks": "pc/1.16.1",
      "biomes": "pc/1.16.1",
      "enchantments": "pc/1.13.2",
      "effects": "pc/1.16.1",
      "items": "pc/1.16.1",
      "recipes": "pc/1.16.1",
      "instruments": "pc/1.16.1",
      "entities": "pc/1.16.1",
      "windows": "pc/1.16.1",
      "blockCollisionShapes": "pc/1.16.1",
      "materials": "pc/1.16.1",
      "language": "pc/1.16.1",
      "foods": "pc/1.16.1",
      "particles": "pc/1.16",
      "blockLoot": "pc/1.16.1",
      "entityLoot": "pc/1.16.1",
      "commands": "pc/1.16",
      "loginPacket": "pc/1.16",
      "tints": "pc/1.16.2",
      "mapIcons": "pc/1.16"
    },
    "1.16.1": {
      "attributes": "pc/1.16",
      "blocks": "pc/1.16.1",
      "blockCollisionShapes": "pc/1.16.1",
      "biomes": "pc/1.16.1",
      "effects": "pc/1.16.1",
      "items": "pc/1.16.1",
      "recipes": "pc/1.16.1",
      "instruments": "pc/1.16.1",
      "materials": "pc/1.16.1",
      "enchantments": "pc/1.13.2",
      "language": "pc/1.16.1",
      "entities": "pc/1.16.1",
      "protocol": "pc/1.16.1",
      "windows": "pc/1.16.1",
      "version": "pc/1.16.1",
      "foods": "pc/1.16.1",
      "particles": "pc/1.16",
      "blockLoot": "pc/1.16.1",
      "entityLoot": "pc/1.16.1",
      "commands": "pc/1.16.1",
      "loginPacket": "pc/1.16",
      "tints": "pc/1.16.2",
      "mapIcons": "pc/1.16"
    },
    "1.16.2": {
      "attributes": "pc/1.16",
      "blocks": "pc/1.16.2",
      "blockCollisionShapes": "pc/1.16.1",
      "biomes": "pc/1.16.2",
      "effects": "pc/1.16.1",
      "items": "pc/1.16.2",
      "enchantments": "pc/1.13.2",
      "recipes": "pc/1.16.2",
      "instruments": "pc/1.16.1",
      "materials": "pc/1.16.2",
      "language": "pc/1.16.1",
      "entities": "pc/1.16.2",
      "protocol": "pc/1.16.2",
      "windows": "pc/1.16.1",
      "version": "pc/1.16.2",
      "foods": "pc/1.16.1",
      "particles": "pc/1.16",
      "blockLoot": "pc/1.16.2",
      "entityLoot": "pc/1.16.2",
      "commands": "pc/1.16.2",
      "loginPacket": "pc/1.16.2",
      "tints": "pc/1.16.2",
      "mapIcons": "pc/1.16"
    },
    "1.16.3": {
      "attributes": "pc/1.16",
      "blocks": "pc/1.16.2",
      "blockCollisionShapes": "pc/1.16.1",
      "biomes": "pc/1.16.2",
      "effects": "pc/1.16.1",
      "items": "pc/1.16.2",
      "enchantments": "pc/1.13.2",
      "recipes": "pc/1.16.2",
      "instruments": "pc/1.16.1",
      "materials": "pc/1.16.2",
      "language": "pc/1.16.1",
      "entities": "pc/1.16.2",
      "protocol": "pc/1.16.2",
      "windows": "pc/1.16.1",
      "version": "pc/1.16.3",
      "foods": "pc/1.16.1",
      "particles": "pc/1.16",
      "blockLoot": "pc/1.16.2",
      "entityLoot": "pc/1.16.2",
      "loginPacket": "pc/1.16.2",
      "tints": "pc/1.16.2",
      "mapIcons": "pc/1.16"
    },
    "1.16.4": {
      "attributes": "pc/1.16",
      "blocks": "pc/1.16.2",
      "blockCollisionShapes": "pc/1.16.1",
      "biomes": "pc/1.16.2",
      "effects": "pc/1.16.1",
      "items": "pc/1.16.2",
      "enchantments": "pc/1.16.4",
      "recipes": "pc/1.16.2",
      "instruments": "pc/1.16.1",
      "materials": "pc/1.16.2",
      "language": "pc/1.16.1",
      "entities": "pc/1.16.2",
      "protocol": "pc/1.16.2",
      "windows": "pc/1.16.1",
      "version": "pc/1.16.4",
      "foods": "pc/1.16.1",
      "particles": "pc/1.16",
      "blockLoot": "pc/1.16.2",
      "entityLoot": "pc/1.16.2",
      "loginPacket": "pc/1.16.2",
      "tints": "pc/1.16.2",
      "mapIcons": "pc/1.16"
    },
    "1.16.5": {
      "attributes": "pc/1.16",
      "blocks": "pc/1.16.2",
      "blockCollisionShapes": "pc/1.16.1",
      "biomes": "pc/1.16.2",
      "effects": "pc/1.16.1",
      "items": "pc/1.16.2",
      "enchantments": "pc/1.16.4",
      "recipes": "pc/1.16.2",
      "instruments": "pc/1.16.1",
      "materials": "pc/1.16.2",
      "language": "pc/1.16.1",
      "entities": "pc/1.16.2",
      "protocol": "pc/1.16.2",
      "windows": "pc/1.16.1",
      "version": "pc/1.16.5",
      "foods": "pc/1.16.1",
      "particles": "pc/1.16",
      "blockLoot": "pc/1.16.2",
      "entityLoot": "pc/1.16.2",
      "loginPacket": "pc/1.16.2",
      "tints": "pc/1.16.2",
      "mapIcons": "pc/1.16"
    },
    "21w07a": {
      "attributes": "pc/1.16",
      "blocks": "pc/1.16.2",
      "blockCollisionShapes": "pc/1.16.1",
      "biomes": "pc/1.16.2",
      "effects": "pc/1.16.1",
      "items": "pc/1.16.2",
      "enchantments": "pc/1.16.4",
      "recipes": "pc/1.16.2",
      "instruments": "pc/1.16.1",
      "materials": "pc/1.16.2",
      "language": "pc/1.16.1",
      "entities": "pc/1.16.2",
      "protocol": "pc/21w07a",
      "windows": "pc/1.16.1",
      "version": "pc/21w07a",
      "foods": "pc/1.16.1",
      "particles": "pc/1.16",
      "blockLoot": "pc/1.16.2",
      "entityLoot": "pc/1.16.2",
      "loginPacket": "pc/1.16.2",
      "tints": "pc/1.16.2",
      "mapIcons": "pc/1.16"
    },
    "1.17": {
      "attributes": "pc/1.17",
      "blocks": "pc/1.17",
      "blockCollisionShapes": "pc/1.17",
      "biomes": "pc/1.17",
      "effects": "pc/1.17",
      "items": "pc/1.17",
      "enchantments": "pc/1.17",
      "recipes": "pc/1.17",
      "instruments": "pc/1.16.1",
      "materials": "pc/1.17",
      "language": "pc/1.17",
      "entities": "pc/1.17",
      "protocol": "pc/1.17",
      "windows": "pc/1.16.1",
      "version": "pc/1.17",
      "foods": "pc/1.17",
      "particles": "pc/1.17",
      "blockLoot": "pc/1.17",
      "entityLoot": "pc/1.17",
      "loginPacket": "pc/1.17",
      "tints": "pc/1.17",
      "mapIcons": "pc/1.16"
    },
    "1.17.1": {
      "attributes": "pc/1.17",
      "blocks": "pc/1.17",
      "blockCollisionShapes": "pc/1.17",
      "biomes": "pc/1.17",
      "effects": "pc/1.17",
      "items": "pc/1.17",
      "enchantments": "pc/1.17",
      "recipes": "pc/1.17",
      "instruments": "pc/1.16.1",
      "materials": "pc/1.17",
      "language": "pc/1.17",
      "entities": "pc/1.17",
      "protocol": "pc/1.17.1",
      "windows": "pc/1.16.1",
      "version": "pc/1.17.1",
      "foods": "pc/1.17",
      "particles": "pc/1.17",
      "blockLoot": "pc/1.17",
      "entityLoot": "pc/1.17",
      "loginPacket": "pc/1.17",
      "tints": "pc/1.17",
      "mapIcons": "pc/1.16"
    },
    "1.18": {
      "attributes": "pc/1.17",
      "blocks": "pc/1.18",
      "blockCollisionShapes": "pc/1.17",
      "biomes": "pc/1.18",
      "effects": "pc/1.17",
      "items": "pc/1.18",
      "enchantments": "pc/1.17",
      "recipes": "pc/1.18",
      "instruments": "pc/1.16.1",
      "materials": "pc/1.18",
      "language": "pc/1.18",
      "entities": "pc/1.18",
      "protocol": "pc/1.18",
      "windows": "pc/1.16.1",
      "version": "pc/1.18",
      "foods": "pc/1.17",
      "particles": "pc/1.18",
      "blockLoot": "pc/1.18",
      "entityLoot": "pc/1.18",
      "loginPacket": "pc/1.18",
      "tints": "pc/1.17",
      "mapIcons": "pc/1.16"
    },
    "1.18.1": {
      "attributes": "pc/1.17",
      "blocks": "pc/1.18",
      "blockCollisionShapes": "pc/1.17",
      "biomes": "pc/1.18",
      "effects": "pc/1.17",
      "items": "pc/1.18",
      "enchantments": "pc/1.17",
      "recipes": "pc/1.18",
      "instruments": "pc/1.16.1",
      "materials": "pc/1.18",
      "language": "pc/1.18",
      "entities": "pc/1.18",
      "protocol": "pc/1.18",
      "windows": "pc/1.16.1",
      "version": "pc/1.18.1",
      "foods": "pc/1.17",
      "particles": "pc/1.18",
      "blockLoot": "pc/1.18",
      "entityLoot": "pc/1.18",
      "loginPacket": "pc/1.18",
      "tints": "pc/1.17",
      "mapIcons": "pc/1.16"
    },
    "1.18.2": {
      "attributes": "pc/1.17",
      "blocks": "pc/1.18",
      "blockCollisionShapes": "pc/1.17",
      "biomes": "pc/1.18",
      "effects": "pc/1.17",
      "items": "pc/1.18",
      "enchantments": "pc/1.17",
      "recipes": "pc/1.18",
      "instruments": "pc/1.16.1",
      "materials": "pc/1.18",
      "language": "pc/1.18",
      "entities": "pc/1.18",
      "protocol": "pc/1.18.2",
      "windows": "pc/1.16.1",
      "version": "pc/1.18.2",
      "foods": "pc/1.17",
      "particles": "pc/1.18",
      "blockLoot": "pc/1.18",
      "entityLoot": "pc/1.18",
      "loginPacket": "pc/1.18.2",
      "tints": "pc/1.17",
      "mapIcons": "pc/1.16"
    },
    "1.19": {
      "attributes": "pc/1.17",
      "blocks": "pc/1.19",
      "blockCollisionShapes": "pc/1.19",
      "biomes": "pc/1.19",
      "effects": "pc/1.19",
      "items": "pc/1.19",
      "enchantments": "pc/1.19",
      "recipes": "pc/1.18",
      "instruments": "pc/1.19",
      "materials": "pc/1.19",
      "language": "pc/1.19",
      "entities": "pc/1.19",
      "protocol": "pc/1.19",
      "windows": "pc/1.16.1",
      "version": "pc/1.19",
      "foods": "pc/1.19",
      "particles": "pc/1.19",
      "blockLoot": "pc/1.19",
      "entityLoot": "pc/1.19",
      "loginPacket": "pc/1.18.2",
      "tints": "pc/1.19",
      "mapIcons": "pc/1.16"
    }
  },
  "bedrock": {
    "0.14": {
      "blocks": "bedrock/0.14",
      "biomes": "pc/1.8",
      "items": "bedrock/0.14",
      "protocol": "bedrock/0.14",
      "version": "bedrock/0.14"
    },
    "0.15": {
      "blocks": "bedrock/0.15",
      "biomes": "pc/1.8",
      "items": "bedrock/0.15",
      "protocol": "bedrock/0.15",
      "version": "bedrock/0.15"
    },
    "1.0": {
      "blocks": "bedrock/1.0",
      "biomes": "pc/1.8",
      "items": "bedrock/1.0",
      "version": "bedrock/1.0"
    },
    "1.16.201": {
      "protocol": "bedrock/1.16.201",
      "steve": "bedrock/1.16.201",
      "proto": "bedrock/1.17.0",
      "types": "bedrock/1.17.0",
      "windows": "bedrock/1.16.201",
      "version": "bedrock/1.16.201"
    },
    "1.16.210": {
      "protocol": "bedrock/1.16.210",
      "steve": "bedrock/1.16.201",
      "proto": "bedrock/1.17.0",
      "types": "bedrock/1.17.0",
      "version": "bedrock/1.16.210"
    },
    "1.16.220": {
      "blocks": "bedrock/1.16.220",
      "blockStates": "bedrock/1.16.220",
      "biomes": "bedrock/1.17.0",
      "entities": "bedrock/1.18.11",
      "steve": "bedrock/1.16.201",
      "protocol": "bedrock/1.16.220",
      "proto": "bedrock/1.17.0",
      "types": "bedrock/1.17.0",
      "version": "bedrock/1.16.220"
    },
    "1.17.0": {
      "blocks": "bedrock/1.17.0",
      "blockStates": "bedrock/1.17.0",
      "blockCollisionShapes": "bedrock/1.17.0",
      "biomes": "bedrock/1.17.0",
      "entities": "bedrock/1.18.11",
      "instruments": "bedrock/1.17.0",
      "materials": "pc/1.17",
      "enchantments": "pc/1.17",
      "effects": "pc/1.17",
      "protocol": "bedrock/1.17.0",
      "windows": "bedrock/1.16.201",
      "steve": "bedrock/1.16.201",
      "blocksB2J": "bedrock/1.17.0",
      "blocksJ2B": "bedrock/1.17.0",
      "proto": "bedrock/1.17.0",
      "types": "bedrock/1.17.0",
      "version": "bedrock/1.17.0"
    },
    "1.17.10": {
      "blocks": "bedrock/1.17.10",
      "blockStates": "bedrock/1.17.10",
      "blockCollisionShapes": "bedrock/1.17.10",
      "biomes": "bedrock/1.17.0",
      "entities": "bedrock/1.18.11",
      "items": "bedrock/1.17.10",
      "recipes": "bedrock/1.17.10",
      "instruments": "bedrock/1.17.0",
      "materials": "pc/1.17",
      "enchantments": "pc/1.17",
      "effects": "pc/1.17",
      "protocol": "bedrock/1.17.10",
      "windows": "bedrock/1.16.201",
      "steve": "bedrock/1.16.201",
      "blocksB2J": "bedrock/1.17.10",
      "blocksJ2B": "bedrock/1.17.10",
      "proto": "bedrock/1.17.10",
      "types": "bedrock/1.17.10",
      "version": "bedrock/1.17.10"
    },
    "1.17.30": {
      "blocks": "bedrock/1.17.10",
      "blockStates": "bedrock/1.17.10",
      "blockCollisionShapes": "bedrock/1.17.10",
      "biomes": "bedrock/1.17.0",
      "entities": "bedrock/1.18.11",
      "items": "bedrock/1.17.10",
      "recipes": "bedrock/1.17.10",
      "instruments": "bedrock/1.17.0",
      "materials": "pc/1.17",
      "enchantments": "pc/1.17",
      "effects": "pc/1.17",
      "protocol": "bedrock/1.17.30",
      "windows": "bedrock/1.16.201",
      "steve": "bedrock/1.16.201",
      "blocksB2J": "bedrock/1.17.10",
      "blocksJ2B": "bedrock/1.17.10",
      "proto": "bedrock/1.17.30",
      "types": "bedrock/1.17.30",
      "version": "bedrock/1.17.30"
    },
    "1.17.40": {
      "blocks": "bedrock/1.17.40",
      "blockStates": "bedrock/1.17.40",
      "blockCollisionShapes": "bedrock/1.17.40",
      "biomes": "bedrock/1.17.0",
      "entities": "bedrock/1.18.11",
      "items": "bedrock/1.17.10",
      "recipes": "bedrock/1.17.10",
      "instruments": "bedrock/1.17.0",
      "materials": "pc/1.17",
      "enchantments": "pc/1.17",
      "effects": "pc/1.17",
      "protocol": "bedrock/1.17.40",
      "windows": "bedrock/1.16.201",
      "steve": "bedrock/1.16.201",
      "blocksB2J": "bedrock/1.17.10",
      "blocksJ2B": "bedrock/1.17.10",
      "proto": "bedrock/1.17.40",
      "types": "bedrock/1.17.40",
      "version": "bedrock/1.17.40"
    },
    "1.18.0": {
      "blocks": "bedrock/1.17.40",
      "blockStates": "bedrock/1.17.40",
      "blockCollisionShapes": "bedrock/1.17.40",
      "biomes": "bedrock/1.18.0",
      "entities": "bedrock/1.18.11",
      "items": "bedrock/1.18.0",
      "recipes": "bedrock/1.18.0",
      "instruments": "bedrock/1.17.0",
      "materials": "pc/1.17",
      "enchantments": "pc/1.17",
      "effects": "pc/1.17",
      "protocol": "bedrock/1.18.0",
      "windows": "bedrock/1.16.201",
      "steve": "bedrock/1.16.201",
      "blocksB2J": "bedrock/1.18.0",
      "blocksJ2B": "bedrock/1.18.0",
      "proto": "bedrock/1.18.0",
      "types": "bedrock/1.18.0",
      "version": "bedrock/1.18.0",
      "entityLoot": "bedrock/1.18.0",
      "blockLoot": "bedrock/1.18.0"
    },
    "1.18.11": {
      "blocks": "bedrock/1.18.11",
      "blockStates": "bedrock/1.18.11",
      "blockCollisionShapes": "bedrock/1.18.11",
      "biomes": "bedrock/1.18.0",
      "entities": "bedrock/1.18.11",
      "items": "bedrock/1.18.11",
      "recipes": "bedrock/1.18.11",
      "instruments": "bedrock/1.17.0",
      "materials": "pc/1.17",
      "enchantments": "pc/1.17",
      "effects": "pc/1.17",
      "protocol": "bedrock/1.18.11",
      "windows": "bedrock/1.16.201",
      "steve": "bedrock/1.16.201",
      "blocksB2J": "bedrock/1.18.11",
      "blocksJ2B": "bedrock/1.18.11",
      "proto": "bedrock/1.18.11",
      "types": "bedrock/1.18.11",
      "version": "bedrock/1.18.11"
    },
    "1.18.30": {
      "blocks": "bedrock/1.18.30",
      "blockStates": "bedrock/1.18.30",
      "blockCollisionShapes": "bedrock/1.18.30",
      "biomes": "bedrock/1.18.0",
      "entities": "bedrock/1.18.11",
      "items": "bedrock/1.18.30",
      "recipes": "bedrock/1.18.30",
      "instruments": "bedrock/1.17.0",
      "materials": "pc/1.17",
      "enchantments": "pc/1.17",
      "effects": "pc/1.17",
      "protocol": "bedrock/1.18.30",
      "windows": "bedrock/1.16.201",
      "steve": "bedrock/1.16.201",
      "blocksB2J": "bedrock/1.18.30",
      "blocksJ2B": "bedrock/1.18.30",
      "proto": "bedrock/1.18.30",
      "types": "bedrock/1.18.30",
      "version": "bedrock/1.18.30"
    },
    "1.19.1": {
      "blocks": "bedrock/1.19.1",
      "blockStates": "bedrock/1.19.1",
      "blockCollisionShapes": "bedrock/1.19.1",
      "biomes": "bedrock/1.19.1",
      "entities": "bedrock/1.19.1",
      "items": "bedrock/1.19.1",
      "recipes": "bedrock/1.19.1",
      "instruments": "bedrock/1.17.0",
      "materials": "pc/1.17",
      "enchantments": "pc/1.17",
      "effects": "pc/1.17",
      "protocol": "bedrock/1.19.1",
      "windows": "bedrock/1.16.201",
      "steve": "bedrock/1.16.201",
      "blocksB2J": "bedrock/1.19.1",
      "blocksJ2B": "bedrock/1.19.1",
      "proto": "bedrock/1.19.1",
      "types": "bedrock/1.19.1",
      "version": "bedrock/1.19.1"
    },
    "1.19.10": {
      "blocks": "bedrock/1.19.1",
      "blockStates": "bedrock/1.19.1",
      "blockCollisionShapes": "bedrock/1.19.1",
      "biomes": "bedrock/1.19.1",
      "entities": "bedrock/1.19.1",
      "items": "bedrock/1.19.10",
      "recipes": "bedrock/1.19.10",
      "instruments": "bedrock/1.17.0",
      "materials": "pc/1.17",
      "enchantments": "pc/1.17",
      "effects": "pc/1.17",
      "protocol": "bedrock/1.19.10",
      "windows": "bedrock/1.16.201",
      "steve": "bedrock/1.16.201",
      "blocksB2J": "bedrock/1.19.1",
      "blocksJ2B": "bedrock/1.19.1",
      "proto": "bedrock/latest",
      "types": "bedrock/latest",
      "version": "bedrock/1.19.10"
    }
  }
}
