[
  {
    "id": 0,
    "name": "harp"
  },
  {
    "id": 1,
    "name": "basedrum"
  },
  {
    "id": 2,
    "name": "snare"
  },
  {
    "id": 3,
    "name": "hat"
  },
  {
    "id": 4,
    "name": "bass"
  },
  {
    "id": 5,
    "name": "flute"
  },
  {
    "id": 6,
    "name": "bell"
  },
  {
    "id": 7,
    "name": "guitar"
  },
  {
    "id": 8,
    "name": "chime"
  },
  {
    "id": 9,
    "name": "xylophone"
  },
  {
    "id": 10,
    "name": "iron_xylophone"
  },
  {
    "id": 11,
    "name": "cow_bell"
  },
  {
    "id": 12,
    "name": "didgeridoo"
  },
  {
    "id": 13,
    "name": "bit"
  },
  {
    "id": 14,
    "name": "banjo"
  },
  {
    "id": 15,
    "name": "pling"
  }
]
