[
  {
    "id": 0,
    "name": "ocean",
    "category": "ocean",
    "precipitation": "rain",
    "depth": 0,
    "dimension": "overworld",
    "displayName": "Ocean",
    "color": 112,
    "rainfall": 0.5,
    "temperature": 0.5
  },
  {
    "id": 1,
    "name": "plains",
    "category": "plains",
    "precipitation": "rain",
    "depth": 0,
    "dimension": "overworld",
    "displayName": "Plains",
    "color": 9286496,
    "rainfall": 0.4000000059604645,
    "temperature": 0.800000011920929
  },
  {
    "id": 2,
    "name": "desert",
    "category": "desert",
    "precipitation": "none",
    "depth": 0,
    "dimension": "overworld",
    "displayName": "Desert",
    "color": 16421912,
    "rainfall": 0,
    "temperature": 2
  },
  {
    "id": 3,
    "name": "extreme_hills",
    "category": "extreme_hills",
    "precipitation": "rain",
    "depth": 0,
    "dimension": "overworld",
    "displayName": "Windswept Hills",
    "color": 6316128,
    "rainfall": 0.30000001192092896,
    "temperature": 0.20000000298023224
  },
  {
    "id": 4,
    "name": "forest",
    "category": "forest",
    "precipitation": "rain",
    "depth": 0,
    "dimension": "overworld",
    "displayName": "Forest",
    "color": 353825,
    "rainfall": 0.800000011920929,
    "temperature": 0.699999988079071
  },
  {
    "id": 5,
    "name": "taiga",
    "category": "taiga",
    "precipitation": "rain",
    "depth": 0,
    "dimension": "overworld",
    "displayName": "Taiga",
    "color": 747097,
    "rainfall": 0.800000011920929,
    "temperature": 0.25
  },
  {
    "id": 6,
    "name": "swampland",
    "category": "swamp",
    "precipitation": "rain",
    "depth": 0,
    "dimension": "overworld",
    "displayName": "Swamp",
    "color": 522674,
    "rainfall": 0.5,
    "temperature": 0.800000011920929
  },
  {
    "id": 7,
    "name": "river",
    "category": "river",
    "precipitation": "rain",
    "depth": 0,
    "dimension": "overworld",
    "displayName": "River",
    "color": 255,
    "rainfall": 0.5,
    "temperature": 0.5
  },
  {
    "id": 8,
    "name": "hell",
    "category": "nether",
    "precipitation": "none",
    "depth": 0,
    "dimension": "nether",
    "displayName": "Nether Wastes",
    "color": 12532539,
    "rainfall": 0,
    "temperature": 2
  },
  {
    "id": 9,
    "name": "the_end",
    "category": "the_end",
    "precipitation": "none",
    "depth": 0,
    "dimension": "end",
    "displayName": "The End",
    "color": 8421631,
    "rainfall": 0.5,
    "temperature": 0.5
  },
  {
    "id": 10,
    "name": "legacy_frozen_ocean",
    "category": "ocean",
    "precipitation": "snow",
    "depth": 0,
    "dimension": "overworld",
    "displayName": "Frozen Ocean",
    "color": 7368918,
    "rainfall": 0.5,
    "temperature": 0
  },
  {
    "id": 11,
    "name": "frozen_river",
    "category": "ice",
    "precipitation": "snow",
    "depth": 0,
    "dimension": "overworld",
    "displayName": "Frozen River",
    "color": 10526975,
    "rainfall": 0.5,
    "temperature": 0
  },
  {
    "id": 12,
    "name": "ice_plains",
    "category": "plains",
    "precipitation": "snow",
    "depth": 0,
    "dimension": "overworld",
    "displayName": "Snowy Plains",
    "color": 16777215,
    "rainfall": 0.5,
    "temperature": 0
  },
  {
    "id": 13,
    "name": "ice_mountains",
    "category": "plains",
    "precipitation": "snow",
    "depth": 0,
    "dimension": "overworld",
    "displayName": "Snowy Plains",
    "color": 16777215,
    "rainfall": 0.5,
    "temperature": 0
  },
  {
    "id": 14,
    "name": "mushroom_island",
    "category": "mushroom",
    "precipitation": "rain",
    "depth": 0,
    "dimension": "overworld",
    "displayName": "Mushroom Fields",
    "color": 16711935,
    "rainfall": 1,
    "temperature": 0.8999999761581421
  },
  {
    "id": 15,
    "name": "mushroom_island_shore",
    "category": "mushroom",
    "precipitation": "rain",
    "depth": 0,
    "dimension": "overworld",
    "displayName": "Mushroom Fields",
    "color": 16711935,
    "rainfall": 1,
    "temperature": 0.8999999761581421
  },
  {
    "id": 16,
    "name": "beach",
    "category": "beach",
    "precipitation": "rain",
    "depth": 0,
    "dimension": "overworld",
    "displayName": "Beach",
    "color": 16440917,
    "rainfall": 0.4000000059604645,
    "temperature": 0.800000011920929
  },
  {
    "id": 17,
    "name": "desert_hills",
    "category": "desert",
    "precipitation": "none",
    "depth": 0,
    "dimension": "overworld",
    "displayName": "Desert",
    "color": 16421912,
    "rainfall": 0,
    "temperature": 2
  },
  {
    "id": 18,
    "name": "forest_hills",
    "category": "forest",
    "precipitation": "rain",
    "depth": 0,
    "dimension": "overworld",
    "displayName": "Forest",
    "color": 353825,
    "rainfall": 0.800000011920929,
    "temperature": 0.699999988079071
  },
  {
    "id": 19,
    "name": "taiga_hills",
    "category": "taiga",
    "precipitation": "rain",
    "depth": 0,
    "dimension": "overworld",
    "displayName": "Taiga",
    "color": 747097,
    "rainfall": 0.800000011920929,
    "temperature": 0.25
  },
  {
    "id": 20,
    "name": "extreme_hills_edge",
    "category": "extreme_hills",
    "precipitation": "rain",
    "depth": 0,
    "dimension": "overworld",
    "displayName": "Windswept Hills",
    "color": 6316128,
    "rainfall": 0.30000001192092896,
    "temperature": 0.20000000298023224
  },
  {
    "id": 21,
    "name": "jungle",
    "category": "jungle",
    "precipitation": "rain",
    "depth": 0,
    "dimension": "overworld",
    "displayName": "Jungle",
    "color": 5470985,
    "rainfall": 0.8999999761581421,
    "temperature": 0.949999988079071
  },
  {
    "id": 22,
    "name": "jungle_hills",
    "category": "jungle",
    "precipitation": "rain",
    "depth": 0,
    "dimension": "overworld",
    "displayName": "Jungle",
    "color": 5470985,
    "rainfall": 0.8999999761581421,
    "temperature": 0.949999988079071
  },
  {
    "id": 23,
    "name": "jungle_edge",
    "category": "jungle",
    "precipitation": "rain",
    "depth": 0,
    "dimension": "overworld",
    "displayName": "Sparse Jungle",
    "color": 6458135,
    "rainfall": 0.800000011920929,
    "temperature": 0.949999988079071
  },
  {
    "id": 24,
    "name": "deep_ocean",
    "category": "ocean",
    "precipitation": "rain",
    "depth": 0,
    "dimension": "overworld",
    "displayName": "Deep Ocean",
    "color": 48,
    "rainfall": 0.5,
    "temperature": 0.5
  },
  {
    "id": 25,
    "name": "stone_beach",
    "category": "beach",
    "precipitation": "rain",
    "depth": 0,
    "dimension": "overworld",
    "displayName": "Stony Shore",
    "color": 10658436,
    "rainfall": 0.30000001192092896,
    "temperature": 0.20000000298023224
  },
  {
    "id": 26,
    "name": "cold_beach",
    "category": "beach",
    "precipitation": "snow",
    "depth": 0,
    "dimension": "overworld",
    "displayName": "Snowy Beach",
    "color": 16445632,
    "rainfall": 0.30000001192092896,
    "temperature": 0.05000000074505806
  },
  {
    "id": 27,
    "name": "birch_forest",
    "category": "forest",
    "precipitation": "rain",
    "depth": 0,
    "dimension": "overworld",
    "displayName": "Birch Forest",
    "color": 3175492,
    "rainfall": 0.6000000238418579,
    "temperature": 0.6000000238418579
  },
  {
    "id": 28,
    "name": "birch_forest_hills",
    "category": "forest",
    "precipitation": "rain",
    "depth": 0,
    "dimension": "overworld",
    "displayName": "Birch Forest",
    "color": 3175492,
    "rainfall": 0.6000000238418579,
    "temperature": 0.6000000238418579
  },
  {
    "id": 29,
    "name": "roofed_forest",
    "category": "forest",
    "precipitation": "rain",
    "depth": 0,
    "dimension": "overworld",
    "displayName": "Dark Forest",
    "color": 4215066,
    "rainfall": 0.800000011920929,
    "temperature": 0.699999988079071
  },
  {
    "id": 30,
    "name": "cold_taiga",
    "category": "taiga",
    "precipitation": "snow",
    "depth": 0,
    "dimension": "overworld",
    "displayName": "Snowy Taiga",
    "color": 3233098,
    "rainfall": 0.4000000059604645,
    "temperature": -0.5
  },
  {
    "id": 31,
    "name": "cold_taiga_hills",
    "category": "taiga",
    "precipitation": "snow",
    "depth": 0,
    "dimension": "overworld",
    "displayName": "Snowy Taiga",
    "color": 3233098,
    "rainfall": 0.4000000059604645,
    "temperature": -0.5
  },
  {
    "id": 32,
    "name": "mega_taiga",
    "category": "taiga",
    "precipitation": "rain",
    "depth": 0,
    "dimension": "overworld",
    "displayName": "Old Growth Pine Taiga",
    "color": 5858897,
    "rainfall": 0.800000011920929,
    "temperature": 0.30000001192092896
  },
  {
    "id": 33,
    "name": "mega_taiga_hills",
    "category": "taiga",
    "precipitation": "rain",
    "depth": 0,
    "dimension": "overworld",
    "displayName": "Old Growth Pine Taiga",
    "color": 5858897,
    "rainfall": 0.800000011920929,
    "temperature": 0.30000001192092896
  },
  {
    "id": 34,
    "name": "extreme_hills_plus_trees",
    "category": "forest",
    "precipitation": "rain",
    "depth": 0,
    "dimension": "overworld",
    "displayName": "Windswept Forest",
    "color": 2250012,
    "rainfall": 0.30000001192092896,
    "temperature": 0.20000000298023224
  },
  {
    "id": 35,
    "name": "savanna",
    "category": "savanna",
    "precipitation": "none",
    "depth": 0,
    "dimension": "overworld",
    "displayName": "Savanna",
    "color": 12431967,
    "rainfall": 0,
    "temperature": 1.2000000476837158
  },
  {
    "id": 36,
    "name": "savanna_plateau",
    "category": "savanna",
    "precipitation": "none",
    "depth": 0,
    "dimension": "overworld",
    "displayName": "Savanna Plateau",
    "color": 10984804,
    "rainfall": 0,
    "temperature": 1
  },
  {
    "id": 37,
    "name": "mesa",
    "category": "mesa",
    "precipitation": "none",
    "depth": 0,
    "dimension": "overworld",
    "displayName": "Badlands",
    "color": 14238997,
    "rainfall": 0,
    "temperature": 2
  },
  {
    "id": 38,
    "name": "mesa_plateau_stone",
    "category": "mesa",
    "precipitation": "none",
    "depth": 0,
    "dimension": "overworld",
    "displayName": "Wooded Badlands",
    "color": 11573093,
    "rainfall": 0,
    "temperature": 2
  },
  {
    "id": 39,
    "name": "mesa_plateau",
    "category": "mesa",
    "precipitation": "none",
    "depth": 0,
    "dimension": "overworld",
    "displayName": "Badlands",
    "color": 14238997,
    "rainfall": 0,
    "temperature": 2
  },
  {
    "id": 40,
    "name": "warm_ocean",
    "category": "ocean",
    "precipitation": "rain",
    "depth": 0,
    "dimension": "overworld",
    "displayName": "Warm Ocean",
    "color": 172,
    "rainfall": 0.5,
    "temperature": 0.5
  },
  {
    "id": 41,
    "name": "deep_warm_ocean",
    "category": "ocean",
    "precipitation": "rain",
    "depth": 0,
    "dimension": "overworld",
    "displayName": "Warm Ocean",
    "color": 172,
    "rainfall": 0.5,
    "temperature": 0.5
  },
  {
    "id": 42,
    "name": "lukewarm_ocean",
    "category": "ocean",
    "precipitation": "rain",
    "depth": 0,
    "dimension": "overworld",
    "displayName": "Lukewarm Ocean",
    "color": 144,
    "rainfall": 0.5,
    "temperature": 0.5
  },
  {
    "id": 43,
    "name": "deep_lukewarm_ocean",
    "category": "ocean",
    "precipitation": "rain",
    "depth": 0,
    "dimension": "overworld",
    "displayName": "Deep Lukewarm Ocean",
    "color": 64,
    "rainfall": 0.5,
    "temperature": 0.5
  },
  {
    "id": 44,
    "name": "cold_ocean",
    "category": "ocean",
    "precipitation": "rain",
    "depth": 0,
    "dimension": "overworld",
    "displayName": "Cold Ocean",
    "color": 2105456,
    "rainfall": 0.5,
    "temperature": 0.5
  },
  {
    "id": 45,
    "name": "deep_cold_ocean",
    "category": "ocean",
    "precipitation": "rain",
    "depth": 0,
    "dimension": "overworld",
    "displayName": "Deep Cold Ocean",
    "color": 2105400,
    "rainfall": 0.5,
    "temperature": 0.5
  },
  {
    "id": 46,
    "name": "frozen_ocean",
    "category": "ocean",
    "precipitation": "snow",
    "depth": 0,
    "dimension": "overworld",
    "displayName": "Frozen Ocean",
    "color": 7368918,
    "rainfall": 0.5,
    "temperature": 0
  },
  {
    "id": 47,
    "name": "deep_frozen_ocean",
    "category": "ocean",
    "precipitation": "rain",
    "depth": 0,
    "dimension": "overworld",
    "displayName": "Deep Frozen Ocean",
    "color": 4210832,
    "rainfall": 0.5,
    "temperature": 0
  },
  {
    "id": 48,
    "name": "bamboo_jungle",
    "category": "jungle",
    "precipitation": "rain",
    "depth": 0,
    "dimension": "overworld",
    "displayName": "Bamboo Jungle",
    "color": 7769620,
    "rainfall": 0.8999999761581421,
    "temperature": 0.949999988079071
  },
  {
    "id": 49,
    "name": "bamboo_jungle_hills",
    "category": "jungle",
    "precipitation": "rain",
    "depth": 0,
    "dimension": "overworld",
    "displayName": "Bamboo Jungle",
    "color": 7769620,
    "rainfall": 0.8999999761581421,
    "temperature": 0.949999988079071
  },
  {
    "id": 129,
    "name": "sunflower_plains",
    "category": "plains",
    "precipitation": "rain",
    "depth": 0,
    "dimension": "overworld",
    "displayName": "Sunflower Plains",
    "color": 11918216,
    "rainfall": 0.4000000059604645,
    "temperature": 0.800000011920929
  },
  {
    "id": 130,
    "name": "desert_mutated",
    "category": "desert",
    "precipitation": "none",
    "depth": 0,
    "dimension": "overworld",
    "displayName": "Desert",
    "color": 16421912,
    "rainfall": 0,
    "temperature": 2
  },
  {
    "id": 131,
    "name": "extreme_hills_mutated",
    "category": "extreme_hills",
    "precipitation": "rain",
    "depth": 0,
    "dimension": "overworld",
    "displayName": "Windswept Gravelly Hills",
    "color": 8947848,
    "rainfall": 0.30000001192092896,
    "temperature": 0.20000000298023224
  },
  {
    "id": 132,
    "name": "flower_forest",
    "category": "forest",
    "precipitation": "rain",
    "depth": 0,
    "dimension": "overworld",
    "displayName": "Flower Forest",
    "color": 2985545,
    "rainfall": 0.800000011920929,
    "temperature": 0.699999988079071
  },
  {
    "id": 133,
    "name": "taiga_mutated",
    "category": "taiga",
    "precipitation": "rain",
    "depth": 0,
    "dimension": "overworld",
    "displayName": "Taiga",
    "color": 747097,
    "rainfall": 0.800000011920929,
    "temperature": 0.25
  },
  {
    "id": 134,
    "name": "swampland_mutated",
    "category": "swamp",
    "precipitation": "rain",
    "depth": 0,
    "dimension": "overworld",
    "displayName": "Swamp",
    "color": 522674,
    "rainfall": 0.5,
    "temperature": 0.800000011920929
  },
  {
    "id": 140,
    "name": "ice_plains_spikes",
    "category": "ice",
    "precipitation": "snow",
    "depth": 0,
    "dimension": "overworld",
    "displayName": "Ice Spikes",
    "color": 11853020,
    "rainfall": 1,
    "temperature": 0
  },
  {
    "id": 149,
    "name": "jungle_mutated",
    "category": "jungle",
    "precipitation": "rain",
    "depth": 0,
    "dimension": "overworld",
    "displayName": "Jungle",
    "color": 5470985,
    "rainfall": 0.8999999761581421,
    "temperature": 0.949999988079071
  },
  {
    "id": 151,
    "name": "jungle_edge_mutated",
    "category": "jungle",
    "precipitation": "rain",
    "depth": 0,
    "dimension": "overworld",
    "displayName": "Sparse Jungle",
    "color": 6458135,
    "rainfall": 0.800000011920929,
    "temperature": 0.949999988079071
  },
  {
    "id": 155,
    "name": "birch_forest_mutated",
    "category": "forest",
    "precipitation": "rain",
    "depth": 0,
    "dimension": "overworld",
    "displayName": "Old Growth Birch Forest",
    "color": 5807212,
    "rainfall": 0.800000011920929,
    "temperature": 0.699999988079071
  },
  {
    "id": 156,
    "name": "birch_forest_hills_mutated",
    "category": "forest",
    "precipitation": "rain",
    "depth": 0,
    "dimension": "overworld",
    "displayName": "Old Growth Birch Forest",
    "color": 5807212,
    "rainfall": 0.800000011920929,
    "temperature": 0.699999988079071
  },
  {
    "id": 157,
    "name": "roofed_forest_mutated",
    "category": "forest",
    "precipitation": "rain",
    "depth": 0,
    "dimension": "overworld",
    "displayName": "Dark Forest",
    "color": 4215066,
    "rainfall": 0.800000011920929,
    "temperature": 0.699999988079071
  },
  {
    "id": 158,
    "name": "cold_taiga_mutated",
    "category": "taiga",
    "precipitation": "snow",
    "depth": 0,
    "dimension": "overworld",
    "displayName": "Snowy Taiga",
    "color": 3233098,
    "rainfall": 0.4000000059604645,
    "temperature": -0.5
  },
  {
    "id": 160,
    "name": "redwood_taiga_mutated",
    "category": "taiga",
    "precipitation": "rain",
    "depth": 0,
    "dimension": "overworld",
    "displayName": "Old Growth Spruce Taiga",
    "color": 8490617,
    "rainfall": 0.800000011920929,
    "temperature": 0.25
  },
  {
    "id": 161,
    "name": "redwood_taiga_hills_mutated",
    "category": "taiga",
    "precipitation": "rain",
    "depth": 0,
    "dimension": "overworld",
    "displayName": "Old Growth Spruce Taiga",
    "color": 8490617,
    "rainfall": 0.800000011920929,
    "temperature": 0.30000001192092896
  },
  {
    "id": 162,
    "name": "extreme_hills_plus_trees_mutated",
    "category": "extreme_hills",
    "precipitation": "rain",
    "depth": 0,
    "dimension": "overworld",
    "displayName": "Windswept Gravelly Hills",
    "color": 8947848,
    "rainfall": 0.30000001192092896,
    "temperature": 0.20000000298023224
  },
  {
    "id": 163,
    "name": "savanna_mutated",
    "category": "savanna",
    "precipitation": "none",
    "depth": 0,
    "dimension": "overworld",
    "displayName": "Windswept Savanna",
    "color": 15063687,
    "rainfall": 0.5,
    "temperature": 1.100000023841858
  },
  {
    "id": 164,
    "name": "savanna_plateau_mutated",
    "category": "savanna",
    "precipitation": "none",
    "depth": 0,
    "dimension": "overworld",
    "displayName": "Windswept Savanna",
    "color": 15063687,
    "rainfall": 0.5,
    "temperature": 1
  },
  {
    "id": 165,
    "name": "mesa_bryce",
    "category": "mesa",
    "precipitation": "none",
    "depth": 0,
    "dimension": "overworld",
    "displayName": "Eroded Badlands",
    "color": 16739645,
    "rainfall": 0,
    "temperature": 2
  },
  {
    "id": 166,
    "name": "mesa_plateau_stone_mutated",
    "category": "mesa",
    "precipitation": "none",
    "depth": 0,
    "dimension": "overworld",
    "displayName": "Wooded Badlands",
    "color": 11573093,
    "rainfall": 0,
    "temperature": 2
  },
  {
    "id": 167,
    "name": "mesa_plateau_mutated",
    "category": "mesa",
    "precipitation": "none",
    "depth": 0,
    "dimension": "overworld",
    "displayName": "Badlands",
    "color": 14238997,
    "rainfall": 0,
    "temperature": 2
  },
  {
    "id": 178,
    "name": "soulsand_valley",
    "category": "nether",
    "precipitation": "none",
    "depth": 0,
    "dimension": "nether",
    "displayName": "Soul Sand Valley",
    "color": 6174768,
    "rainfall": 0,
    "temperature": 2
  },
  {
    "id": 179,
    "name": "crimson_forest",
    "category": "nether",
    "precipitation": "none",
    "depth": 0,
    "dimension": "nether",
    "displayName": "Crimson Forest",
    "color": 14485512,
    "rainfall": 0,
    "temperature": 2
  },
  {
    "id": 180,
    "name": "warped_forest",
    "category": "nether",
    "precipitation": "none",
    "depth": 0,
    "dimension": "nether",
    "displayName": "Warped Forest",
    "color": 4821115,
    "rainfall": 0,
    "temperature": 2
  },
  {
    "id": 181,
    "name": "basalt_deltas",
    "category": "nether",
    "precipitation": "none",
    "depth": 0,
    "dimension": "nether",
    "displayName": "Basalt Deltas",
    "color": 4208182,
    "rainfall": 0,
    "temperature": 2
  },
  {
    "id": 182,
    "name": "jagged_peaks",
    "category": "mountain",
    "precipitation": "snow",
    "depth": 0,
    "dimension": "overworld",
    "displayName": "Jagged Peaks",
    "color": 14937325,
    "rainfall": 0.8999999761581421,
    "temperature": -0.699999988079071
  },
  {
    "id": 183,
    "name": "frozen_peaks",
    "category": "ice",
    "precipitation": "snow",
    "depth": 0,
    "dimension": "overworld",
    "displayName": "Frozen Peaks",
    "color": 15399931,
    "rainfall": 0.8999999761581421,
    "temperature": -0.699999988079071
  },
  {
    "id": 184,
    "name": "snowy_slopes",
    "category": "mountain",
    "precipitation": "snow",
    "depth": 0,
    "dimension": "overworld",
    "displayName": "Snowy Slopes",
    "color": 14348785,
    "rainfall": 0.8999999761581421,
    "temperature": -0.30000001192092896
  },
  {
    "id": 185,
    "name": "grove",
    "category": "forest",
    "precipitation": "snow",
    "depth": 0,
    "dimension": "overworld",
    "displayName": "Grove",
    "color": 14675173,
    "rainfall": 0.800000011920929,
    "temperature": -0.20000000298023224
  },
  {
    "id": 186,
    "name": "meadow",
    "category": "mountain",
    "precipitation": "rain",
    "depth": 0,
    "dimension": "overworld",
    "displayName": "Meadow",
    "color": 9217136,
    "rainfall": 0.800000011920929,
    "temperature": 0.30000001192092896
  },
  {
    "id": 187,
    "name": "lush_caves",
    "category": "underground",
    "precipitation": "rain",
    "depth": 0,
    "dimension": "overworld",
    "displayName": "Lush Caves",
    "color": 14652980,
    "rainfall": 0,
    "temperature": 0.8999999761581421
  },
  {
    "id": 188,
    "name": "dripstone_caves",
    "category": "underground",
    "precipitation": "rain",
    "depth": 0,
    "dimension": "overworld",
    "displayName": "Dripstone Caves",
    "color": 12690831,
    "rainfall": 0,
    "temperature": 0.20000000298023224
  },
  {
    "id": 189,
    "name": "stony_peaks",
    "category": "mountain",
    "precipitation": "rain",
    "depth": 0,
    "dimension": "overworld",
    "displayName": "Stony Peaks",
    "color": 13750737,
    "rainfall": 0.30000001192092896,
    "temperature": 1
  },
  {
    "id": 190,
    "name": "deep_dark",
    "category": "underground",
    "precipitation": "rain",
    "depth": 0,
    "dimension": "overworld",
    "displayName": "Deep Dark",
    "color": 0,
    "rainfall": 0.4000000059604645,
    "temperature": 0.800000011920929
  },
  {
    "id": 191,
    "name": "mangrove_swamp",
    "category": "forest",
    "precipitation": "rain",
    "depth": 0,
    "dimension": "overworld",
    "displayName": "Mangrove Swamp",
    "color": 0,
    "rainfall": 0.8999999761581421,
    "temperature": 0.800000011920929
  }
]