{
	"blocks": {
		"air": 0,
		"stone": [1, 1, 1, 1, 1, 1, 1],
		"grass": [1],
		"dirt": [1, 1],
		"podzol": [1],
		"cobblestone": [1],
		"planks": [1, 1, 1, 1, 1, 1],
		"mangrove_planks": [1],
		"sapling": 0,
		"mangrove_propagule": 0,
		"bedrock": [1],
		"water": 0,
		"flowing_water": 0,
		"lava": 0,
		"flowing_lava": 0,
		"sand": [1, 1],
		"gravel": [1],
		"gold_ore": [1],
		"deepslate_gold_ore": [1],
		"iron_ore": [1],
		"deepslate_iron_ore": [1],
		"coal_ore": [1],
		"deepslate_coal_ore": [1],
		"nether_gold_ore": [1],
		"log": [1, 1, 1, 1, 1, 1, 1, 1, 1, 1, 1, 1],
		"log2": [1, 1, 1, 1, 1, 1],
		"mangrove_log": [1, 1, 1],
		"mangrove_roots": [1],
		"muddy_mangrove_roots": [1],
		"stripped_spruce_log": [1, 1, 1],
		"stripped_birch_log": [1, 1, 1],
		"stripped_jungle_log": [1, 1, 1],
		"stripped_acacia_log": [1, 1, 1],
		"stripped_dark_oak_log": [1, 1, 1],
		"stripped_oak_log": [1, 1, 1],
		"stripped_mangrove_log": [1, 1, 1],
		"wood": [1, 1, 1, 1, 1, 1, 1, 1, 1, 1, 1, 1, 1, 1, 1, 1, 1, 1, 1, 1, 1, 1, 1, 1, 1, 1, 1, 1, 1, 1, 1, 1, 1, 1, 1, 1],
		"mangrove_wood": [1, 1, 1, 1, 1],
		"stripped_mangrove_wood": [1, 1, 1],
		"leaves": [1, 1, 1, 1, 1, 1, 1, 1, 1, 1, 1, 1],
		"leaves2": [1, 1, 1, 1, 1, 1],
		"mangrove_leaves": [1, 1, 1],
		"azalea_leaves": [1, 1, 1],
		"azalea_leaves_flowered": [1, 1, 1],
		"sponge": [1, 1],
		"glass": [1],
		"lapis_ore": [1],
		"deepslate_lapis_ore": [1],
		"lapis_block": [1],
		"dispenser": [1, 1, 1, 1, 1, 1, 1, 1, 1, 1, 1, 1],
		"sandstone": [1, 1, 1, 1],
		"noteblock": [1],
		"bed": [2, 5, 3, 4, 2, 5, 3, 4, 3, 4, 2, 5, 3, 4, 2, 5],
		"golden_rail": 0,
		"detector_rail": 0,
		"sticky_piston": [1, 1, 1, 1, 1, 1],
		"web": 0,
		"tallgrass": 0,
		"deadbush": 0,
		"seagrass": 0,
		"piston": [1, 1, 1, 1, 1, 1],
		"piston_arm_collision": [23, 21, 17, 13, 15, 19],
		"sticky_piston_arm_collision": [23, 21, 17, 13, 15, 19],
		"wool": [1, 1, 1, 1, 1, 1, 1, 1, 1, 1, 1, 1, 1, 1, 1, 1],
		"moving_block": 0,
		"yellow_flower": 0,
		"red_flower": 0,
		"wither_rose": 0,
		"brown_mushroom": 0,
		"red_mushroom": 0,
		"gold_block": [1],
		"iron_block": [1],
		"brick_block": [1],
		"tnt": [1, 1, 1],
		"bookshelf": [1],
		"mossy_cobblestone": [1],
		"obsidian": [1],
		"torch": 0,
		"fire": 0,
		"soul_fire": 0,
		"mob_spawner": [1],
		"oak_stairs": [42, 32, 43, 33, 37, 27, 38, 28],
		"chest": [0, 0, 50, 49, 52, 51],
		"redstone_wire": 0,
		"diamond_ore": [1],
		"deepslate_diamond_ore": [1],
		"diamond_block": [1],
		"crafting_table": [1],
		"wheat": 0,
		"farmland": [53, 53, 53, 53, 53, 53, 53, 53],
		"lit_furnace": [0, 0, 1, 1, 1, 1],
		"furnace": [0, 0, 1, 1, 1, 1],
		"standing_sign": 0,
		"spruce_standing_sign": 0,
		"birch_standing_sign": 0,
		"acacia_standing_sign": 0,
		"jungle_standing_sign": 0,
		"darkoak_standing_sign": 0,
		"mangrove_standing_sign": 0,
		"wooden_door": [54, 57, 56, 55, 57, 56, 55, 54, 54, 57, 56, 55, 57, 56, 55, 54, 54, 57, 56, 55, 55, 54, 57, 56, 54, 57, 56, 55, 55, 54, 57, 56],
		"ladder": [0, 0, 55, 57, 56, 54],
		"rail": 0,
		"stone_stairs": [42, 32, 43, 33, 37, 27, 38, 28],
		"wall_sign": 0,
		"spruce_wall_sign": 0,
		"birch_wall_sign": 0,
		"acacia_wall_sign": 0,
		"jungle_wall_sign": 0,
		"darkoak_wall_sign": 0,
		"mangrove_wall_sign": 0,
		"lever": 0,
		"stone_pressure_plate": 0,
		"iron_door": [54, 57, 56, 55, 57, 56, 55, 54, 54, 57, 56, 55, 57, 56, 55, 54, 54, 57, 56, 55, 55, 54, 57, 56, 54, 57, 56, 55, 55, 54, 57, 56],
		"wooden_pressure_plate": 0,
		"spruce_pressure_plate": 0,
		"birch_pressure_plate": 0,
		"jungle_pressure_plate": 0,
		"acacia_pressure_plate": 0,
		"dark_oak_pressure_plate": 0,
		"mangrove_pressure_plate": 0,
		"lit_redstone_ore": [1],
		"redstone_ore": [1],
		"lit_deepslate_redstone_ore": [1],
		"deepslate_redstone_ore": [1],
		"redstone_torch": 0,
		"unlit_redstone_torch": 0,
		"stone_button": 0,
		"snow_layer": [0, 58, 59, 60, 61, 62, 10, 63],
		"ice": [1],
		"snow": [1],
		"cactus": [64, 64, 64, 64, 64, 64, 64, 64, 64, 64, 64, 64, 64, 64, 64, 64],
		"clay": [1],
		"reeds": 0,
		"jukebox": [1],
		"fence": [80, 80, 80, 80, 80, 80],
		"pumpkin": [1],
		"netherrack": [1],
		"soul_sand": [63],
		"soul_soil": [1],
		"basalt": [1, 1, 1],
		"polished_basalt": [1, 1, 1],
		"soul_torch": 0,
		"glowstone": [1],
		"portal": 0,
		"carved_pumpkin": [1, 1, 1, 1],
		"lit_pumpkin": [1, 1, 1, 1],
		"cake": [81, 82, 83, 84, 85, 86, 87],
		"powered_repeater": [58, 58, 58, 58, 58, 58, 58, 58, 58, 58, 58, 58, 58, 58, 58, 58],
		"unpowered_repeater": [58, 58, 58, 58, 58, 58, 58, 58, 58, 58, 58, 58, 58, 58, 58, 58],
		"stained_glass": [1, 1, 1, 1, 1, 1, 1, 1, 1, 1, 1, 1, 1, 1, 1, 1],
		"trapdoor": [89, 89, 89, 89, 88, 88, 88, 88, 54, 56, 57, 55, 54, 56, 57, 55],
		"spruce_trapdoor": [89, 89, 89, 89, 88, 88, 88, 88, 54, 56, 57, 55, 54, 56, 57, 55],
		"birch_trapdoor": [89, 89, 89, 89, 88, 88, 88, 88, 54, 56, 57, 55, 54, 56, 57, 55],
		"jungle_trapdoor": [89, 89, 89, 89, 88, 88, 88, 88, 54, 56, 57, 55, 54, 56, 57, 55],
		"acacia_trapdoor": [89, 89, 89, 89, 88, 88, 88, 88, 54, 56, 57, 55, 54, 56, 57, 55],
		"dark_oak_trapdoor": [89, 89, 89, 89, 88, 88, 88, 88, 54, 56, 57, 55, 54, 56, 57, 55],
		"mangrove_trapdoor": [89, 89, 89, 89, 88, 88, 88, 88, 54, 56, 57, 55, 54, 56, 57, 55],
		"stonebrick": [1, 1, 1, 1],
		"packed_mud": [1],
		"mud_bricks": [1],
		"monster_egg": [1, 1, 1, 1, 1, 1],
		"brown_mushroom_block": [1, 1, 1, 1, 1, 1, 1, 1, 1, 1, 1, 1, 1, 1, 1],
		"red_mushroom_block": [1, 1, 1, 1, 1, 1, 1, 1, 1, 1, 1, 1, 1, 1, 1, 1],
		"iron_bars": [105],
		"chain": [107, 106, 108],
		"glass_pane": [105],
		"melon_block": [1],
		"pumpkin_stem": 0,
		"melon_stem": 0,
		"vine": 0,
		"glow_lichen": 0,
		"fence_gate": [71, 74, 71, 74, 0, 0, 0, 0, 71, 74, 71, 74, 0, 0, 0, 0],
		"brick_stairs": [42, 32, 43, 33, 37, 27, 38, 28],
		"stone_brick_stairs": [42, 32, 43, 33, 37, 27, 38, 28],
		"mud_brick_stairs": [42, 32, 43, 33, 37, 27, 38, 28],
		"mycelium": [1],
		"waterlily": [109],
		"nether_brick": [1],
		"nether_brick_fence": [80],
		"nether_brick_stairs": [42, 32, 43, 33, 37, 27, 38, 28],
		"nether_wart": 0,
		"enchanting_table": [10],
		"brewing_stand": [110, 110, 110, 110, 110, 110, 110, 110],
		"cauldron": [111, 111, 111, 111, 111, 111, 111, 111, 111, 111, 111, 111, 111, 111, 111, 111, 111, 111, 111, 111, 111],
		"end_portal": 0,
		"end_portal_frame": [113, 113, 113, 113, 112, 112, 112, 112],
		"end_stone": [1],
		"dragon_egg": [114],
		"lit_redstone_lamp": [1],
		"redstone_lamp": [1],
		"cocoa": [116, 117, 115, 118, 120, 121, 119, 122, 124, 125, 123, 126],
		"sandstone_stairs": [42, 32, 43, 33, 37, 27, 38, 28],
		"emerald_ore": [1],
		"deepslate_emerald_ore": [1],
		"ender_chest": [0, 0, 48, 48, 48, 48],
		"tripwire_hook": 0,
		"trip_wire": 0,
		"emerald_block": [1],
		"spruce_stairs": [42, 32, 43, 33, 37, 27, 38, 28],
		"birch_stairs": [42, 32, 43, 33, 37, 27, 38, 28],
		"jungle_stairs": [42, 32, 43, 33, 37, 27, 38, 28],
		"command_block": [1, 1, 1, 1, 1, 1, 1, 1, 1, 1, 1, 1],
		"beacon": [1],
		"cobblestone_wall": [0, 0, 0, 0, 0, 0, 0, 0, 0, 0, 0, 0, 0, 0, 127, 127, 127, 127, 127, 127, 127, 127, 127, 127, 127, 127, 127, 127, 136, 136, 136, 136, 136, 136, 136, 136, 136, 136, 136, 136, 136, 136, 134, 134, 134, 134, 134, 134, 134, 134, 134, 134, 134, 134, 134, 134, 136, 136, 136, 136, 136, 136, 136, 136, 136, 136, 136, 136, 136, 136, 134, 134, 134, 134, 134, 134, 134, 134, 134, 134, 134, 134, 134, 134, 144, 144, 144, 144, 144, 144, 144, 144, 144, 144, 144, 144, 144, 144, 142, 142, 142, 142, 142, 142, 142, 142, 142, 142, 142, 142, 142, 142, 152, 152, 152, 152, 152, 152, 152, 152, 152, 152, 152, 152, 152, 152, 150, 150, 150, 150, 150, 150, 150, 150, 150, 150, 150, 150, 150, 150, 152, 152, 152, 152, 152, 152, 152, 152, 152, 152, 152, 152, 152, 152, 150, 150, 150, 150, 150, 150, 150, 150, 150, 150, 150, 150, 150, 150, 144, 144, 144, 144, 144, 144, 144, 144, 144, 144, 144, 144, 144, 144, 142, 142, 142, 142, 142, 142, 142, 142, 142, 142, 142, 142, 142, 142, 152, 152, 152, 152, 152, 152, 152, 152, 152, 152, 152, 152, 152, 152, 150, 150, 150, 150, 150, 150, 150, 150, 150, 150, 150, 150, 150, 150, 152, 152, 152, 152, 152, 152, 152, 152, 152, 152, 152, 152, 152, 152, 150, 150, 150, 150, 150, 150, 150, 150, 150, 150, 150, 150, 150, 150, 132, 132, 132, 132, 132, 132, 132, 132, 132, 132, 132, 132, 132, 132, 130, 130, 130, 130, 130, 130, 130, 130, 130, 130, 130, 130, 130, 130, 140, 140, 140, 140, 140, 140, 140, 140, 140, 140, 140, 140, 140, 140, 138, 138, 138, 138, 138, 138, 138, 138, 138, 138, 138, 138, 138, 138, 140, 140, 140, 140, 140, 140, 140, 140, 140, 140, 140, 140, 140, 140, 138, 138, 138, 138, 138, 138, 138, 138, 138, 138, 138, 138, 138, 138, 148, 148, 148, 148, 148, 148, 148, 148, 148, 148, 148, 148, 148, 148, 146, 146, 146, 146, 146, 146, 146, 146, 146, 146, 146, 146, 146, 146, 156, 156, 156, 156, 156, 156, 156, 156, 156, 156, 156, 156, 156, 156, 154, 154, 154, 154, 154, 154, 154, 154, 154, 154, 154, 154, 154, 154, 156, 156, 156, 156, 156, 156, 156, 156, 156, 156, 156, 156, 156, 156, 154, 154, 154, 154, 154, 154, 154, 154, 154, 154, 154, 154, 154, 154, 148, 148, 148, 148, 148, 148, 148, 148, 148, 148, 148, 148, 148, 148, 146, 146, 146, 146, 146, 146, 146, 146, 146, 146, 146, 146, 146, 146, 156, 156, 156, 156, 156, 156, 156, 156, 156, 156, 156, 156, 156, 156, 154, 154, 154, 154, 154, 154, 154, 154, 154, 154, 154, 154, 154, 154, 156, 156, 156, 156, 156, 156, 156, 156, 156, 156, 156, 156, 156, 156, 154, 154, 154, 154, 154, 154, 154, 154, 154, 154, 154, 154, 154, 154, 132, 132, 132, 132, 132, 132, 132, 132, 132, 132, 132, 132, 132, 132, 130, 130, 130, 130, 130, 130, 130, 130, 130, 130, 130, 130, 130, 130, 140, 140, 140, 140, 140, 140, 140, 140, 140, 140, 140, 140, 140, 140, 138, 138, 138, 138, 138, 138, 138, 138, 138, 138, 138, 138, 138, 138, 140, 140, 140, 140, 140, 140, 140, 140, 140, 140, 140, 140, 140, 140, 138, 138, 138, 138, 138, 138, 138, 138, 138, 138, 138, 138, 138, 138, 148, 148, 148, 148, 148, 148, 148, 148, 148, 148, 148, 148, 148, 148, 146, 146, 146, 146, 146, 146, 146, 146, 146, 146, 146, 146, 146, 146, 156, 156, 156, 156, 156, 156, 156, 156, 156, 156, 156, 156, 156, 156, 154, 154, 154, 154, 154, 154, 154, 154, 154, 154, 154, 154, 154, 154, 156, 156, 156, 156, 156, 156, 156, 156, 156, 156, 156, 156, 156, 156, 154, 154, 154, 154, 154, 154, 154, 154, 154, 154, 154, 154, 154, 154, 148, 148, 148, 148, 148, 148, 148, 148, 148, 148, 148, 148, 148, 148, 146, 146, 146, 146, 146, 146, 146, 146, 146, 146, 146, 146, 146, 146, 156, 156, 156, 156, 156, 156, 156, 156, 156, 156, 156, 156, 156, 156, 154, 154, 154, 154, 154, 154, 154, 154, 154, 154, 154, 154, 154, 154, 156, 156, 156, 156, 156, 156, 156, 156, 156, 156, 156, 156, 156, 156, 154, 154, 154, 154, 154, 154, 154, 154, 154, 154, 154, 154, 154, 154, 129, 129, 129, 129, 129, 129, 129, 129, 129, 129, 129, 129, 129, 129, 128, 128, 128, 128, 128, 128, 128, 128, 128, 128, 128, 128, 128, 128, 137, 137, 137, 137, 137, 137, 137, 137, 137, 137, 137, 137, 137, 137, 135, 135, 135, 135, 135, 135, 135, 135, 135, 135, 135, 135, 135, 135, 137, 137, 137, 137, 137, 137, 137, 137, 137, 137, 137, 137, 137, 137, 135, 135, 135, 135, 135, 135, 135, 135, 135, 135, 135, 135, 135, 135, 145, 145, 145, 145, 145, 145, 145, 145, 145, 145, 145, 145, 145, 145, 143, 143, 143, 143, 143, 143, 143, 143, 143, 143, 143, 143, 143, 143, 153, 153, 153, 153, 153, 153, 153, 153, 153, 153, 153, 153, 153, 153, 151, 151, 151, 151, 151, 151, 151, 151, 151, 151, 151, 151, 151, 151, 153, 153, 153, 153, 153, 153, 153, 153, 153, 153, 153, 153, 153, 153, 151, 151, 151, 151, 151, 151, 151, 151, 151, 151, 151, 151, 151, 151, 145, 145, 145, 145, 145, 145, 145, 145, 145, 145, 145, 145, 145, 145, 143, 143, 143, 143, 143, 143, 143, 143, 143, 143, 143, 143, 143, 143, 153, 153, 153, 153, 153, 153, 153, 153, 153, 153, 153, 153, 153, 153, 151, 151, 151, 151, 151, 151, 151, 151, 151, 151, 151, 151, 151, 151, 153, 153, 153, 153, 153, 153, 153, 153, 153, 153, 153, 153, 153, 153, 151, 151, 151, 151, 151, 151, 151, 151, 151, 151, 151, 151, 151, 151, 133, 133, 133, 133, 133, 133, 133, 133, 133, 133, 133, 133, 133, 133, 131, 131, 131, 131, 131, 131, 131, 131, 131, 131, 131, 131, 131, 131, 141, 141, 141, 141, 141, 141, 141, 141, 141, 141, 141, 141, 141, 141, 139, 139, 139, 139, 139, 139, 139, 139, 139, 139, 139, 139, 139, 139, 141, 141, 141, 141, 141, 141, 141, 141, 141, 141, 141, 141, 141, 141, 139, 139, 139, 139, 139, 139, 139, 139, 139, 139, 139, 139, 139, 139, 149, 149, 149, 149, 149, 149, 149, 149, 149, 149, 149, 149, 149, 149, 147, 147, 147, 147, 147, 147, 147, 147, 147, 147, 147, 147, 147, 147, 157, 157, 157, 157, 157, 157, 157, 157, 157, 157, 157, 157, 157, 157, 155, 155, 155, 155, 155, 155, 155, 155, 155, 155, 155, 155, 155, 155, 157, 157, 157, 157, 157, 157, 157, 157, 157, 157, 157, 157, 157, 157, 155, 155, 155, 155, 155, 155, 155, 155, 155, 155, 155, 155, 155, 155, 149, 149, 149, 149, 149, 149, 149, 149, 149, 149, 149, 149, 149, 149, 147, 147, 147, 147, 147, 147, 147, 147, 147, 147, 147, 147, 147, 147, 157, 157, 157, 157, 157, 157, 157, 157, 157, 157, 157, 157, 157, 157, 155, 155, 155, 155, 155, 155, 155, 155, 155, 155, 155, 155, 155, 155, 157, 157, 157, 157, 157, 157, 157, 157, 157, 157, 157, 157, 157, 157, 155, 155, 155, 155, 155, 155, 155, 155, 155, 155, 155, 155, 155, 155, 133, 133, 133, 133, 133, 133, 133, 133, 133, 133, 133, 133, 133, 133, 131, 131, 131, 131, 131, 131, 131, 131, 131, 131, 131, 131, 131, 131, 141, 141, 141, 141, 141, 141, 141, 141, 141, 141, 141, 141, 141, 141, 139, 139, 139, 139, 139, 139, 139, 139, 139, 139, 139, 139, 139, 139, 141, 141, 141, 141, 141, 141, 141, 141, 141, 141, 141, 141, 141, 141, 139, 139, 139, 139, 139, 139, 139, 139, 139, 139, 139, 139, 139, 139, 149, 149, 149, 149, 149, 149, 149, 149, 149, 149, 149, 149, 149, 149, 147, 147, 147, 147, 147, 147, 147, 147, 147, 147, 147, 147, 147, 147, 157, 157, 157, 157, 157, 157, 157, 157, 157, 157, 157, 157, 157, 157, 155, 155, 155, 155, 155, 155, 155, 155, 155, 155, 155, 155, 155, 155, 157, 157, 157, 157, 157, 157, 157, 157, 157, 157, 157, 157, 157, 157, 155, 155, 155, 155, 155, 155, 155, 155, 155, 155, 155, 155, 155, 155, 149, 149, 149, 149, 149, 149, 149, 149, 149, 149, 149, 149, 149, 149, 147, 147, 147, 147, 147, 147, 147, 147, 147, 147, 147, 147, 147, 147, 157, 157, 157, 157, 157, 157, 157, 157, 157, 157, 157, 157, 157, 157, 155, 155, 155, 155, 155, 155, 155, 155, 155, 155, 155, 155, 155, 155, 157, 157, 157, 157, 157, 157, 157, 157, 157, 157, 157, 157, 157, 157, 155, 155, 155, 155, 155, 155, 155, 155, 155, 155, 155, 155, 155, 155, 129, 129, 129, 129, 129, 129, 129, 129, 129, 129, 129, 129, 129, 129, 128, 128, 128, 128, 128, 128, 128, 128, 128, 128, 128, 128, 128, 128, 137, 137, 137, 137, 137, 137, 137, 137, 137, 137, 137, 137, 137, 137, 135, 135, 135, 135, 135, 135, 135, 135, 135, 135, 135, 135, 135, 135, 137, 137, 137, 137, 137, 137, 137, 137, 137, 137, 137, 137, 137, 137, 135, 135, 135, 135, 135, 135, 135, 135, 135, 135, 135, 135, 135, 135, 145, 145, 145, 145, 145, 145, 145, 145, 145, 145, 145, 145, 145, 145, 143, 143, 143, 143, 143, 143, 143, 143, 143, 143, 143, 143, 143, 143, 153, 153, 153, 153, 153, 153, 153, 153, 153, 153, 153, 153, 153, 153, 151, 151, 151, 151, 151, 151, 151, 151, 151, 151, 151, 151, 151, 151, 153, 153, 153, 153, 153, 153, 153, 153, 153, 153, 153, 153, 153, 153, 151, 151, 151, 151, 151, 151, 151, 151, 151, 151, 151, 151, 151, 151, 145, 145, 145, 145, 145, 145, 145, 145, 145, 145, 145, 145, 145, 145, 143, 143, 143, 143, 143, 143, 143, 143, 143, 143, 143, 143, 143, 143, 153, 153, 153, 153, 153, 153, 153, 153, 153, 153, 153, 153, 153, 153, 151, 151, 151, 151, 151, 151, 151, 151, 151, 151, 151, 151, 151, 151, 153, 153, 153, 153, 153, 153, 153, 153, 153, 153, 153, 153, 153, 153, 151, 151, 151, 151, 151, 151, 151, 151, 151, 151, 151, 151, 151, 151, 133, 133, 133, 133, 133, 133, 133, 133, 133, 133, 133, 133, 133, 133, 131, 131, 131, 131, 131, 131, 131, 131, 131, 131, 131, 131, 131, 131, 141, 141, 141, 141, 141, 141, 141, 141, 141, 141, 141, 141, 141, 141, 139, 139, 139, 139, 139, 139, 139, 139, 139, 139, 139, 139, 139, 139, 141, 141, 141, 141, 141, 141, 141, 141, 141, 141, 141, 141, 141, 141, 139, 139, 139, 139, 139, 139, 139, 139, 139, 139, 139, 139, 139, 139, 149, 149, 149, 149, 149, 149, 149, 149, 149, 149, 149, 149, 149, 149, 147, 147, 147, 147, 147, 147, 147, 147, 147, 147, 147, 147, 147, 147, 157, 157, 157, 157, 157, 157, 157, 157, 157, 157, 157, 157, 157, 157, 155, 155, 155, 155, 155, 155, 155, 155, 155, 155, 155, 155, 155, 155, 157, 157, 157, 157, 157, 157, 157, 157, 157, 157, 157, 157, 157, 157, 155, 155, 155, 155, 155, 155, 155, 155, 155, 155, 155, 155, 155, 155, 149, 149, 149, 149, 149, 149, 149, 149, 149, 149, 149, 149, 149, 149, 147, 147, 147, 147, 147, 147, 147, 147, 147, 147, 147, 147, 147, 147, 157, 157, 157, 157, 157, 157, 157, 157, 157, 157, 157, 157, 157, 157, 155, 155, 155, 155, 155, 155, 155, 155, 155, 155, 155, 155, 155, 155, 157, 157, 157, 157, 157, 157, 157, 157, 157, 157, 157, 157, 157, 157, 155, 155, 155, 155, 155, 155, 155, 155, 155, 155, 155, 155, 155, 155, 133, 133, 133, 133, 133, 133, 133, 133, 133, 133, 133, 133, 133, 133, 131, 131, 131, 131, 131, 131, 131, 131, 131, 131, 131, 131, 131, 131, 141, 141, 141, 141, 141, 141, 141, 141, 141, 141, 141, 141, 141, 141, 139, 139, 139, 139, 139, 139, 139, 139, 139, 139, 139, 139, 139, 139, 141, 141, 141, 141, 141, 141, 141, 141, 141, 141, 141, 141, 141, 141, 139, 139, 139, 139, 139, 139, 139, 139, 139, 139, 139, 139, 139, 139, 149, 149, 149, 149, 149, 149, 149, 149, 149, 149, 149, 149, 149, 149, 147, 147, 147, 147, 147, 147, 147, 147, 147, 147, 147, 147, 147, 147, 157, 157, 157, 157, 157, 157, 157, 157, 157, 157, 157, 157, 157, 157, 155, 155, 155, 155, 155, 155, 155, 155, 155, 155, 155, 155, 155, 155, 157, 157, 157, 157, 157, 157, 157, 157, 157, 157, 157, 157, 157, 157, 155, 155, 155, 155, 155, 155, 155, 155, 155, 155, 155, 155, 155, 155, 149, 149, 149, 149, 149, 149, 149, 149, 149, 149, 149, 149, 149, 149, 147, 147, 147, 147, 147, 147, 147, 147, 147, 147, 147, 147, 147, 147, 157, 157, 157, 157, 157, 157, 157, 157, 157, 157, 157, 157, 157, 157, 155, 155, 155, 155, 155, 155, 155, 155, 155, 155, 155, 155, 155, 155, 157, 157, 157, 157, 157, 157, 157, 157, 157, 157, 157, 157, 157, 157, 155, 155, 155, 155, 155, 155, 155, 155, 155, 155, 155, 155, 155, 155],
		"flower_pot": [158],
		"carrots": 0,
		"potatoes": 0,
		"wooden_button": 0,
		"spruce_button": 0,
		"birch_button": 0,
		"jungle_button": 0,
		"acacia_button": 0,
		"dark_oak_button": 0,
		"mangrove_button": 0,
		"skull": [0, 159, 160, 161, 162, 163],
		"anvil": [164, 165, 164, 165, 164, 165, 164, 165, 164, 165, 164, 165],
		"trapped_chest": [0, 0, 50, 49, 52, 51],
		"light_weighted_pressure_plate": 0,
		"heavy_weighted_pressure_plate": 0,
		"powered_comparator": [0, 0, 0, 0, 0, 0, 0, 0, 58, 58, 58, 58, 58, 58, 58, 58],
		"unpowered_comparator": [58, 58, 58, 58, 58, 58, 58, 58],
		"daylight_detector_inverted": [60, 60, 60, 60, 60, 60, 60, 60, 60, 60, 60, 60, 60, 60, 60, 60],
		"daylight_detector": [60, 60, 60, 60, 60, 60, 60, 60, 60, 60, 60, 60, 60, 60, 60, 60],
		"redstone_block": [1],
		"quartz_ore": [1],
		"hopper": [166, 166, 167, 168, 169, 170, 166, 166, 167, 168, 169, 170],
		"quartz_block": [1, 1, 1, 1, 1, 1, 1, 1, 1, 1, 1],
		"quartz_stairs": [42, 32, 43, 33, 37, 27, 38, 28],
		"activator_rail": 0,
		"dropper": [1, 1, 1, 1, 1, 1, 1, 1, 1, 1, 1, 1],
		"stained_hardened_clay": [1, 1, 1, 1, 1, 1, 1, 1, 1, 1, 1, 1, 1, 1, 1, 1],
		"stained_glass_pane": [105, 105, 105, 105, 105, 105, 105, 105, 105, 105, 105, 105, 105, 105, 105, 105],
		"acacia_stairs": [42, 32, 43, 33, 37, 27, 38, 28],
		"dark_oak_stairs": [42, 32, 43, 33, 37, 27, 38, 28],
		"mangrove_stairs": [42, 32, 43, 33, 37, 27, 38, 28],
		"slime": [1],
		"barrier": [1],
		"light_block": 0,
		"iron_trapdoor": [89, 89, 89, 89, 88, 88, 88, 88, 54, 56, 57, 55, 54, 56, 57, 55],
		"prismarine": [1, 1, 1],
		"prismarine_stairs": [42, 32, 43, 33, 37, 27, 38, 28],
		"prismarine_bricks_stairs": [42, 32, 43, 33, 37, 27, 38, 28],
		"dark_prismarine_stairs": [42, 32, 43, 33, 37, 27, 38, 28],
		"stone_block_slab2": [61, 61, 61, 61, 61, 61, 61, 61, 171, 171, 171, 171, 171, 171, 171, 171],
		"double_stone_block_slab2": [1, 1, 1, 1, 1, 1, 1, 1],
		"sea_lantern": [1],
		"hay_block": [1, 1, 1, 1, 1, 1, 1, 1, 1],
		"carpet": [172, 172, 172, 172, 172, 172, 172, 172, 172, 172, 172, 172, 172, 172, 172, 172],
		"hardened_clay": [1],
		"coal_block": [1],
		"packed_ice": [1],
		"double_plant": 0,
		"standing_banner": 0,
		"wall_banner": 0,
		"red_sandstone": [1, 1, 1, 1],
		"red_sandstone_stairs": [42, 32, 43, 33, 37, 27, 38, 28],
		"wooden_slab": [61, 61, 61, 61, 61, 61, 171, 171, 171, 171, 171, 171],
		"double_wooden_slab": [1, 1, 1, 1, 1, 1],
		"mangrove_slab": [61, 171],
		"mangrove_double_slab": [1],
		"stone_block_slab4": [61, 61, 61, 61, 61, 171, 171, 171, 171, 171],
		"double_stone_block_slab4": [1, 1, 1, 1, 1],
		"stone_block_slab": [61, 61, 61, 61, 61, 61, 61, 61, 171, 171, 171, 171, 171, 171, 171, 171],
		"double_stone_block_slab": [1, 1, 1, 1, 1, 1, 1, 1],
		"mud_brick_slab": [61, 171],
		"mud_brick_double_slab": [1],
		"smooth_stone": [1],
		"spruce_fence_gate": [71, 74, 71, 74, 0, 0, 0, 0, 71, 74, 71, 74, 0, 0, 0, 0],
		"birch_fence_gate": [71, 74, 71, 74, 0, 0, 0, 0, 71, 74, 71, 74, 0, 0, 0, 0],
		"jungle_fence_gate": [71, 74, 71, 74, 0, 0, 0, 0, 71, 74, 71, 74, 0, 0, 0, 0],
		"acacia_fence_gate": [71, 74, 71, 74, 0, 0, 0, 0, 71, 74, 71, 74, 0, 0, 0, 0],
		"dark_oak_fence_gate": [71, 74, 71, 74, 0, 0, 0, 0, 71, 74, 71, 74, 0, 0, 0, 0],
		"mangrove_fence_gate": [71, 74, 71, 74, 0, 0, 0, 0, 71, 74, 71, 74, 0, 0, 0, 0],
		"mangrove_fence": [80],
		"spruce_door": [54, 57, 56, 55, 57, 56, 55, 54, 54, 57, 56, 55, 57, 56, 55, 54, 54, 57, 56, 55, 55, 54, 57, 56, 54, 57, 56, 55, 55, 54, 57, 56],
		"birch_door": [54, 57, 56, 55, 57, 56, 55, 54, 54, 57, 56, 55, 57, 56, 55, 54, 54, 57, 56, 55, 55, 54, 57, 56, 54, 57, 56, 55, 55, 54, 57, 56],
		"jungle_door": [54, 57, 56, 55, 57, 56, 55, 54, 54, 57, 56, 55, 57, 56, 55, 54, 54, 57, 56, 55, 55, 54, 57, 56, 54, 57, 56, 55, 55, 54, 57, 56],
		"acacia_door": [54, 57, 56, 55, 57, 56, 55, 54, 54, 57, 56, 55, 57, 56, 55, 54, 54, 57, 56, 55, 55, 54, 57, 56, 54, 57, 56, 55, 55, 54, 57, 56],
		"dark_oak_door": [54, 57, 56, 55, 57, 56, 55, 54, 54, 57, 56, 55, 57, 56, 55, 54, 54, 57, 56, 55, 55, 54, 57, 56, 54, 57, 56, 55, 55, 54, 57, 56],
		"mangrove_door": [54, 57, 56, 55, 57, 56, 55, 54, 54, 57, 56, 55, 57, 56, 55, 54, 54, 57, 56, 55, 55, 54, 57, 56, 54, 57, 56, 55, 55, 54, 57, 56],
		"end_rod": [175, 175, 173, 173, 174, 174],
		"chorus_plant": [239],
		"chorus_flower": [1, 1, 1, 1, 1, 1],
		"purpur_block": [1, 1, 1, 1, 1, 1, 1, 1, 1, 1, 1],
		"purpur_stairs": [42, 32, 43, 33, 37, 27, 38, 28],
		"end_bricks": [1],
		"beetroot": 0,
		"grass_path": [53],
		"end_gateway": 0,
		"repeating_command_block": [1, 1, 1, 1, 1, 1, 1, 1, 1, 1, 1, 1],
		"chain_command_block": [1, 1, 1, 1, 1, 1, 1, 1, 1, 1, 1, 1],
		"frosted_ice": [1, 1, 1, 1],
		"magma": [1],
		"nether_wart_block": [1],
		"red_nether_brick": [1],
		"bone_block": [1, 1, 1, 1, 1, 1, 1, 1, 1],
		"structure_void": 0,
		"observer": [1, 1, 1, 1, 1, 1, 1, 1, 1, 1, 1, 1],
		"undyed_shulker_box": 0,
		"shulker_box": 0,
		"white_glazed_terracotta": [0, 0, 1, 1, 1, 1],
		"orange_glazed_terracotta": [0, 0, 1, 1, 1, 1],
		"magenta_glazed_terracotta": [0, 0, 1, 1, 1, 1],
		"light_blue_glazed_terracotta": [0, 0, 1, 1, 1, 1],
		"yellow_glazed_terracotta": [0, 0, 1, 1, 1, 1],
		"lime_glazed_terracotta": [0, 0, 1, 1, 1, 1],
		"pink_glazed_terracotta": [0, 0, 1, 1, 1, 1],
		"gray_glazed_terracotta": [0, 0, 1, 1, 1, 1],
		"silver_glazed_terracotta": [0, 0, 1, 1, 1, 1],
		"cyan_glazed_terracotta": [0, 0, 1, 1, 1, 1],
		"purple_glazed_terracotta": [0, 0, 1, 1, 1, 1],
		"blue_glazed_terracotta": [0, 0, 1, 1, 1, 1],
		"brown_glazed_terracotta": [0, 0, 1, 1, 1, 1],
		"green_glazed_terracotta": [0, 0, 1, 1, 1, 1],
		"red_glazed_terracotta": [0, 0, 1, 1, 1, 1],
		"black_glazed_terracotta": [0, 0, 1, 1, 1, 1],
		"concrete": [1, 1, 1, 1, 1, 1, 1, 1, 1, 1, 1, 1, 1, 1, 1, 1],
		"concrete_powder": [1, 1, 1, 1, 1, 1, 1, 1, 1, 1, 1, 1, 1, 1, 1, 1],
		"kelp": 0,
		"dried_kelp_block": [1],
		"turtle_egg": [240, 241, 241, 241, 240, 241, 241, 241, 240, 241, 241, 241],
		"coral_block": [1, 1, 1, 1, 1, 1, 1, 1, 1, 1],
		"coral": 0,
		"coral_fan_dead": 0,
		"coral_fan": 0,
		"coral_fan_hang": 0,
		"coral_fan_hang2": 0,
		"coral_fan_hang3": 0,
		"sea_pickle": [242, 243, 244, 245, 242, 243, 244, 245],
		"blue_ice": [1],
		"conduit": [246],
		"bamboo_sapling": 0,
		"bamboo": 0,
		"bubble_column": 0,
		"polished_granite_stairs": [42, 32, 43, 33, 37, 27, 38, 28],
		"smooth_red_sandstone_stairs": [42, 32, 43, 33, 37, 27, 38, 28],
		"mossy_stone_brick_stairs": [42, 32, 43, 33, 37, 27, 38, 28],
		"polished_diorite_stairs": [42, 32, 43, 33, 37, 27, 38, 28],
		"mossy_cobblestone_stairs": [42, 32, 43, 33, 37, 27, 38, 28],
		"end_brick_stairs": [42, 32, 43, 33, 37, 27, 38, 28],
		"normal_stone_stairs": [42, 32, 43, 33, 37, 27, 38, 28],
		"smooth_sandstone_stairs": [42, 32, 43, 33, 37, 27, 38, 28],
		"smooth_quartz_stairs": [42, 32, 43, 33, 37, 27, 38, 28],
		"granite_stairs": [42, 32, 43, 33, 37, 27, 38, 28],
		"andesite_stairs": [42, 32, 43, 33, 37, 27, 38, 28],
		"red_nether_brick_stairs": [42, 32, 43, 33, 37, 27, 38, 28],
		"polished_andesite_stairs": [42, 32, 43, 33, 37, 27, 38, 28],
		"diorite_stairs": [42, 32, 43, 33, 37, 27, 38, 28],
		"stone_block_slab3": [61, 61, 61, 61, 61, 61, 61, 61, 171, 171, 171, 171, 171, 171, 171, 171],
		"double_stone_block_slab3": [1, 1, 1, 1, 1, 1, 1, 1],
		"mud_brick_wall": [0, 127, 136, 134, 136, 134, 144, 142, 152, 150, 152, 150, 144, 142, 152, 150, 152, 150, 132, 130, 140, 138, 140, 138, 148, 146, 156, 154, 156, 154, 148, 146, 156, 154, 156, 154, 132, 130, 140, 138, 140, 138, 148, 146, 156, 154, 156, 154, 148, 146, 156, 154, 156, 154, 129, 128, 137, 135, 137, 135, 145, 143, 153, 151, 153, 151, 145, 143, 153, 151, 153, 151, 133, 131, 141, 139, 141, 139, 149, 147, 157, 155, 157, 155, 149, 147, 157, 155, 157, 155, 133, 131, 141, 139, 141, 139, 149, 147, 157, 155, 157, 155, 149, 147, 157, 155, 157, 155, 129, 128, 137, 135, 137, 135, 145, 143, 153, 151, 153, 151, 145, 143, 153, 151, 153, 151, 133, 131, 141, 139, 141, 139, 149, 147, 157, 155, 157, 155, 149, 147, 157, 155, 157, 155, 133, 131, 141, 139, 141, 139, 149, 147, 157, 155, 157, 155, 149, 147, 157, 155, 157, 155],
		"scaffolding": [247, 247, 247, 247, 247, 247, 247, 247, 247, 247, 247, 247, 247, 247, 247, 247],
		"loom": [1, 1, 1, 1],
		"barrel": [1, 1, 1, 1, 1, 1, 1, 1, 1, 1, 1, 1],
		"lit_smoker": [0, 0, 1, 1, 1, 1],
		"smoker": [0, 0, 1, 1, 1, 1],
		"lit_blast_furnace": [0, 0, 1, 1, 1, 1],
		"blast_furnace": [0, 0, 1, 1, 1, 1],
		"cartography_table": [1],
		"fletching_table": [1],
		"grindstone": [248, 249, 248, 249, 254, 255, 254, 255, 251, 252, 250, 253],
		"lectern": [256, 256, 256, 256, 256, 256, 256, 256],
		"smithing_table": [1],
		"stonecutter_block": [0, 0, 257, 257, 257, 257],
		"bell": [258, 259, 258, 259, 260, 260, 260, 260, 261, 264, 262, 263, 265, 266, 265, 266, 258, 259, 258, 259, 260, 260, 260, 260, 261, 264, 262, 263, 265, 266, 265, 266],
		"lantern": [268, 267],
		"soul_lantern": [268, 267],
		"campfire": [269, 269, 269, 269, 269, 269, 269, 269],
		"soul_campfire": [269, 269, 269, 269, 269, 269, 269, 269],
		"sweet_berry_bush": 0,
		"warped_stem": [1, 1, 1],
		"stripped_warped_stem": [1, 1, 1],
		"warped_hyphae": [1, 1, 1],
		"stripped_warped_hyphae": [1, 1, 1],
		"warped_nylium": [1],
		"warped_fungus": 0,
		"warped_wart_block": [1],
		"warped_roots": 0,
		"nether_sprouts": 0,
		"crimson_stem": [1, 1, 1],
		"stripped_crimson_stem": [1, 1, 1],
		"crimson_hyphae": [1, 1, 1],
		"stripped_crimson_hyphae": [1, 1, 1],
		"crimson_nylium": [1],
		"crimson_fungus": 0,
		"shroomlight": [1],
		"weeping_vines": 0,
		"twisting_vines": 0,
		"crimson_roots": 0,
		"crimson_planks": [1],
		"warped_planks": [1],
		"crimson_slab": [61, 171],
		"crimson_double_slab": [1],
		"warped_slab": [61, 171],
		"warped_double_slab": [1],
		"crimson_pressure_plate": 0,
		"warped_pressure_plate": 0,
		"crimson_fence": [80],
		"warped_fence": [80],
		"crimson_trapdoor": [89, 89, 89, 89, 88, 88, 88, 88, 54, 56, 57, 55, 54, 56, 57, 55],
		"warped_trapdoor": [89, 89, 89, 89, 88, 88, 88, 88, 54, 56, 57, 55, 54, 56, 57, 55],
		"crimson_fence_gate": [71, 74, 71, 74, 0, 0, 0, 0, 71, 74, 71, 74, 0, 0, 0, 0],
		"warped_fence_gate": [71, 74, 71, 74, 0, 0, 0, 0, 71, 74, 71, 74, 0, 0, 0, 0],
		"crimson_stairs": [42, 32, 43, 33, 37, 27, 38, 28],
		"warped_stairs": [42, 32, 43, 33, 37, 27, 38, 28],
		"crimson_button": 0,
		"warped_button": 0,
		"crimson_door": [54, 57, 56, 55, 57, 56, 55, 54, 54, 57, 56, 55, 57, 56, 55, 54, 54, 57, 56, 55, 55, 54, 57, 56, 54, 57, 56, 55, 55, 54, 57, 56],
		"warped_door": [54, 57, 56, 55, 57, 56, 55, 54, 54, 57, 56, 55, 57, 56, 55, 54, 54, 57, 56, 55, 55, 54, 57, 56, 54, 57, 56, 55, 55, 54, 57, 56],
		"crimson_standing_sign": 0,
		"warped_standing_sign": 0,
		"crimson_wall_sign": 0,
		"warped_wall_sign": 0,
		"structure_block": [1, 1, 1, 1],
		"jigsaw": [1],
		"composter": [270, 270, 270, 270, 270, 270, 270, 270, 270],
		"target": [1],
		"bee_nest": [1, 1, 1, 1, 1, 1, 1, 1, 1, 1, 1, 1, 1, 1, 1, 1, 1, 1, 1, 1, 1, 1, 1, 1],
		"beehive": [1, 1, 1, 1, 1, 1, 1, 1, 1, 1, 1, 1, 1, 1, 1, 1, 1, 1, 1, 1, 1, 1, 1, 1],
		"honey_block": [64],
		"honeycomb_block": [1],
		"netherite_block": [1],
		"ancient_debris": [1],
		"crying_obsidian": [1],
		"respawn_anchor": [1, 1, 1, 1, 1],
		"lodestone": [1],
		"blackstone": [1],
		"blackstone_stairs": [42, 32, 43, 33, 37, 27, 38, 28],
		"blackstone_wall": [0, 127, 136, 134, 136, 134, 144, 142, 152, 150, 152, 150, 144, 142, 152, 150, 152, 150, 132, 130, 140, 138, 140, 138, 148, 146, 156, 154, 156, 154, 148, 146, 156, 154, 156, 154, 132, 130, 140, 138, 140, 138, 148, 146, 156, 154, 156, 154, 148, 146, 156, 154, 156, 154, 129, 128, 137, 135, 137, 135, 145, 143, 153, 151, 153, 151, 145, 143, 153, 151, 153, 151, 133, 131, 141, 139, 141, 139, 149, 147, 157, 155, 157, 155, 149, 147, 157, 155, 157, 155, 133, 131, 141, 139, 141, 139, 149, 147, 157, 155, 157, 155, 149, 147, 157, 155, 157, 155, 129, 128, 137, 135, 137, 135, 145, 143, 153, 151, 153, 151, 145, 143, 153, 151, 153, 151, 133, 131, 141, 139, 141, 139, 149, 147, 157, 155, 157, 155, 149, 147, 157, 155, 157, 155, 133, 131, 141, 139, 141, 139, 149, 147, 157, 155, 157, 155, 149, 147, 157, 155, 157, 155],
		"blackstone_slab": [61, 171],
		"blackstone_double_slab": [1],
		"polished_blackstone": [1],
		"polished_blackstone_bricks": [1],
		"cracked_polished_blackstone_bricks": [1],
		"chiseled_polished_blackstone": [1],
		"polished_blackstone_brick_slab": [61, 171],
		"polished_blackstone_brick_double_slab": [1],
		"polished_blackstone_brick_stairs": [42, 32, 43, 33, 37, 27, 38, 28],
		"polished_blackstone_brick_wall": [0, 127, 136, 134, 136, 134, 144, 142, 152, 150, 152, 150, 144, 142, 152, 150, 152, 150, 132, 130, 140, 138, 140, 138, 148, 146, 156, 154, 156, 154, 148, 146, 156, 154, 156, 154, 132, 130, 140, 138, 140, 138, 148, 146, 156, 154, 156, 154, 148, 146, 156, 154, 156, 154, 129, 128, 137, 135, 137, 135, 145, 143, 153, 151, 153, 151, 145, 143, 153, 151, 153, 151, 133, 131, 141, 139, 141, 139, 149, 147, 157, 155, 157, 155, 149, 147, 157, 155, 157, 155, 133, 131, 141, 139, 141, 139, 149, 147, 157, 155, 157, 155, 149, 147, 157, 155, 157, 155, 129, 128, 137, 135, 137, 135, 145, 143, 153, 151, 153, 151, 145, 143, 153, 151, 153, 151, 133, 131, 141, 139, 141, 139, 149, 147, 157, 155, 157, 155, 149, 147, 157, 155, 157, 155, 133, 131, 141, 139, 141, 139, 149, 147, 157, 155, 157, 155, 149, 147, 157, 155, 157, 155],
		"gilded_blackstone": [1],
		"polished_blackstone_stairs": [42, 32, 43, 33, 37, 27, 38, 28],
		"polished_blackstone_slab": [61, 171],
		"polished_blackstone_double_slab": [1],
		"polished_blackstone_pressure_plate": 0,
		"polished_blackstone_button": 0,
		"polished_blackstone_wall": [0, 127, 136, 134, 136, 134, 144, 142, 152, 150, 152, 150, 144, 142, 152, 150, 152, 150, 132, 130, 140, 138, 140, 138, 148, 146, 156, 154, 156, 154, 148, 146, 156, 154, 156, 154, 132, 130, 140, 138, 140, 138, 148, 146, 156, 154, 156, 154, 148, 146, 156, 154, 156, 154, 129, 128, 137, 135, 137, 135, 145, 143, 153, 151, 153, 151, 145, 143, 153, 151, 153, 151, 133, 131, 141, 139, 141, 139, 149, 147, 157, 155, 157, 155, 149, 147, 157, 155, 157, 155, 133, 131, 141, 139, 141, 139, 149, 147, 157, 155, 157, 155, 149, 147, 157, 155, 157, 155, 129, 128, 137, 135, 137, 135, 145, 143, 153, 151, 153, 151, 145, 143, 153, 151, 153, 151, 133, 131, 141, 139, 141, 139, 149, 147, 157, 155, 157, 155, 149, 147, 157, 155, 157, 155, 133, 131, 141, 139, 141, 139, 149, 147, 157, 155, 157, 155, 149, 147, 157, 155, 157, 155],
		"chiseled_nether_bricks": [1],
		"cracked_nether_bricks": [1],
		"quartz_bricks": [1],
		"candle": [271, 272, 273, 274, 271, 272, 273, 274],
		"white_candle": [271, 272, 273, 274, 271, 272, 273, 274],
		"orange_candle": [271, 272, 273, 274, 271, 272, 273, 274],
		"magenta_candle": [271, 272, 273, 274, 271, 272, 273, 274],
		"light_blue_candle": [271, 272, 273, 274, 271, 272, 273, 274],
		"yellow_candle": [271, 272, 273, 274, 271, 272, 273, 274],
		"lime_candle": [271, 272, 273, 274, 271, 272, 273, 274],
		"pink_candle": [271, 272, 273, 274, 271, 272, 273, 274],
		"gray_candle": [271, 272, 273, 274, 271, 272, 273, 274],
		"light_gray_candle": [271, 272, 273, 274, 271, 272, 273, 274],
		"cyan_candle": [271, 272, 273, 274, 271, 272, 273, 274],
		"purple_candle": [271, 272, 273, 274, 271, 272, 273, 274],
		"blue_candle": [271, 272, 273, 274, 271, 272, 273, 274],
		"brown_candle": [271, 272, 273, 274, 271, 272, 273, 274],
		"green_candle": [271, 272, 273, 274, 271, 272, 273, 274],
		"red_candle": [271, 272, 273, 274, 271, 272, 273, 274],
		"black_candle": [271, 272, 273, 274, 271, 272, 273, 274],
		"candle_cake": [275, 275],
		"white_candle_cake": [275, 275],
		"orange_candle_cake": [275, 275],
		"magenta_candle_cake": [275, 275],
		"light_blue_candle_cake": [275, 275],
		"yellow_candle_cake": [275, 275],
		"lime_candle_cake": [275, 275],
		"pink_candle_cake": [275, 275],
		"gray_candle_cake": [275, 275],
		"light_gray_candle_cake": [275, 275],
		"cyan_candle_cake": [275, 275],
		"purple_candle_cake": [275, 275],
		"blue_candle_cake": [275, 275],
		"brown_candle_cake": [275, 275],
		"green_candle_cake": [275, 275],
		"red_candle_cake": [275, 275],
		"black_candle_cake": [275, 275],
		"amethyst_block": [1],
		"budding_amethyst": [1],
		"amethyst_cluster": [281, 280, 276, 278, 279, 277],
		"large_amethyst_bud": [287, 286, 282, 284, 285, 283],
		"medium_amethyst_bud": [293, 292, 288, 290, 291, 289],
		"small_amethyst_bud": [299, 298, 294, 296, 297, 295],
		"tuff": [1],
		"calcite": [1],
		"tinted_glass": [1],
		"powder_snow": 0,
		"sculk_sensor": [61, 61],
		"sculk": [1],
		"sculk_vein": 0,
		"sculk_catalyst": [1, 1],
		"sculk_shrieker": [61, 61, 61, 61],
		"oxidized_copper": [1],
		"weathered_copper": [1],
		"exposed_copper": [1],
		"copper_block": [1],
		"copper_ore": [1],
		"deepslate_copper_ore": [1],
		"oxidized_cut_copper": [1],
		"weathered_cut_copper": [1],
		"exposed_cut_copper": [1],
		"cut_copper": [1],
		"oxidized_cut_copper_stairs": [42, 32, 43, 33, 37, 27, 38, 28],
		"weathered_cut_copper_stairs": [42, 32, 43, 33, 37, 27, 38, 28],
		"exposed_cut_copper_stairs": [42, 32, 43, 33, 37, 27, 38, 28],
		"cut_copper_stairs": [42, 32, 43, 33, 37, 27, 38, 28],
		"oxidized_cut_copper_slab": [61, 171],
		"oxidized_double_cut_copper_slab": [1],
		"weathered_cut_copper_slab": [61, 171],
		"weathered_double_cut_copper_slab": [1],
		"exposed_cut_copper_slab": [61, 171],
		"exposed_double_cut_copper_slab": [1],
		"cut_copper_slab": [61, 171],
		"double_cut_copper_slab": [1],
		"waxed_copper": [1],
		"waxed_weathered_copper": [1],
		"waxed_exposed_copper": [1],
		"waxed_oxidized_copper": [1],
		"waxed_oxidized_cut_copper": [1],
		"waxed_weathered_cut_copper": [1],
		"waxed_exposed_cut_copper": [1],
		"waxed_cut_copper": [1],
		"waxed_oxidized_cut_copper_stairs": [42, 32, 43, 33, 37, 27, 38, 28],
		"waxed_weathered_cut_copper_stairs": [42, 32, 43, 33, 37, 27, 38, 28],
		"waxed_exposed_cut_copper_stairs": [42, 32, 43, 33, 37, 27, 38, 28],
		"waxed_cut_copper_stairs": [42, 32, 43, 33, 37, 27, 38, 28],
		"waxed_oxidized_cut_copper_slab": [61, 171],
		"waxed_oxidized_double_cut_copper_slab": [1],
		"waxed_weathered_cut_copper_slab": [61, 171],
		"waxed_weathered_double_cut_copper_slab": [1],
		"waxed_exposed_cut_copper_slab": [61, 171],
		"waxed_exposed_double_cut_copper_slab": [1],
		"waxed_cut_copper_slab": [61, 171],
		"waxed_double_cut_copper_slab": [1],
		"lightning_rod": [175, 175, 173, 173, 174, 174],
		"pointed_dripstone": 0,
		"dripstone_block": [1],
		"cave_vines_head_with_berries": 0,
		"cave_vines": 0,
		"cave_vines_body_with_berries": 0,
		"spore_blossom": 0,
		"azalea": [300],
		"flowering_azalea": [300],
		"moss_carpet": [172],
		"moss_block": [1],
		"big_dripleaf": [0, 0, 0, 0, 301, 301, 302, 0, 0, 301, 301, 301, 301, 301, 302, 0, 0, 301, 301, 301, 301, 301, 302, 0, 0, 301, 301, 301, 301, 301, 302, 0],
		"small_dripleaf_block": 0,
		"hanging_roots": 0,
		"dirt_with_roots": [1],
		"mud": [63],
		"deepslate": [1, 1, 1],
		"cobbled_deepslate": [1],
		"cobbled_deepslate_stairs": [42, 32, 43, 33, 37, 27, 38, 28],
		"cobbled_deepslate_slab": [61, 171],
		"cobbled_deepslate_double_slab": [1],
		"cobbled_deepslate_wall": [0, 127, 136, 134, 136, 134, 144, 142, 152, 150, 152, 150, 144, 142, 152, 150, 152, 150, 132, 130, 140, 138, 140, 138, 148, 146, 156, 154, 156, 154, 148, 146, 156, 154, 156, 154, 132, 130, 140, 138, 140, 138, 148, 146, 156, 154, 156, 154, 148, 146, 156, 154, 156, 154, 129, 128, 137, 135, 137, 135, 145, 143, 153, 151, 153, 151, 145, 143, 153, 151, 153, 151, 133, 131, 141, 139, 141, 139, 149, 147, 157, 155, 157, 155, 149, 147, 157, 155, 157, 155, 133, 131, 141, 139, 141, 139, 149, 147, 157, 155, 157, 155, 149, 147, 157, 155, 157, 155, 129, 128, 137, 135, 137, 135, 145, 143, 153, 151, 153, 151, 145, 143, 153, 151, 153, 151, 133, 131, 141, 139, 141, 139, 149, 147, 157, 155, 157, 155, 149, 147, 157, 155, 157, 155, 133, 131, 141, 139, 141, 139, 149, 147, 157, 155, 157, 155, 149, 147, 157, 155, 157, 155],
		"polished_deepslate": [1],
		"polished_deepslate_stairs": [42, 32, 43, 33, 37, 27, 38, 28],
		"polished_deepslate_slab": [61, 171],
		"polished_deepslate_double_slab": [1],
		"polished_deepslate_wall": [0, 127, 136, 134, 136, 134, 144, 142, 152, 150, 152, 150, 144, 142, 152, 150, 152, 150, 132, 130, 140, 138, 140, 138, 148, 146, 156, 154, 156, 154, 148, 146, 156, 154, 156, 154, 132, 130, 140, 138, 140, 138, 148, 146, 156, 154, 156, 154, 148, 146, 156, 154, 156, 154, 129, 128, 137, 135, 137, 135, 145, 143, 153, 151, 153, 151, 145, 143, 153, 151, 153, 151, 133, 131, 141, 139, 141, 139, 149, 147, 157, 155, 157, 155, 149, 147, 157, 155, 157, 155, 133, 131, 141, 139, 141, 139, 149, 147, 157, 155, 157, 155, 149, 147, 157, 155, 157, 155, 129, 128, 137, 135, 137, 135, 145, 143, 153, 151, 153, 151, 145, 143, 153, 151, 153, 151, 133, 131, 141, 139, 141, 139, 149, 147, 157, 155, 157, 155, 149, 147, 157, 155, 157, 155, 133, 131, 141, 139, 141, 139, 149, 147, 157, 155, 157, 155, 149, 147, 157, 155, 157, 155],
		"deepslate_tiles": [1],
		"deepslate_tile_stairs": [42, 32, 43, 33, 37, 27, 38, 28],
		"deepslate_tile_slab": [61, 171],
		"deepslate_tile_double_slab": [1],
		"deepslate_tile_wall": [0, 127, 136, 134, 136, 134, 144, 142, 152, 150, 152, 150, 144, 142, 152, 150, 152, 150, 132, 130, 140, 138, 140, 138, 148, 146, 156, 154, 156, 154, 148, 146, 156, 154, 156, 154, 132, 130, 140, 138, 140, 138, 148, 146, 156, 154, 156, 154, 148, 146, 156, 154, 156, 154, 129, 128, 137, 135, 137, 135, 145, 143, 153, 151, 153, 151, 145, 143, 153, 151, 153, 151, 133, 131, 141, 139, 141, 139, 149, 147, 157, 155, 157, 155, 149, 147, 157, 155, 157, 155, 133, 131, 141, 139, 141, 139, 149, 147, 157, 155, 157, 155, 149, 147, 157, 155, 157, 155, 129, 128, 137, 135, 137, 135, 145, 143, 153, 151, 153, 151, 145, 143, 153, 151, 153, 151, 133, 131, 141, 139, 141, 139, 149, 147, 157, 155, 157, 155, 149, 147, 157, 155, 157, 155, 133, 131, 141, 139, 141, 139, 149, 147, 157, 155, 157, 155, 149, 147, 157, 155, 157, 155],
		"deepslate_bricks": [1],
		"deepslate_brick_stairs": [42, 32, 43, 33, 37, 27, 38, 28],
		"deepslate_brick_slab": [61, 171],
		"deepslate_brick_double_slab": [1],
		"deepslate_brick_wall": [0, 127, 136, 134, 136, 134, 144, 142, 152, 150, 152, 150, 144, 142, 152, 150, 152, 150, 132, 130, 140, 138, 140, 138, 148, 146, 156, 154, 156, 154, 148, 146, 156, 154, 156, 154, 132, 130, 140, 138, 140, 138, 148, 146, 156, 154, 156, 154, 148, 146, 156, 154, 156, 154, 129, 128, 137, 135, 137, 135, 145, 143, 153, 151, 153, 151, 145, 143, 153, 151, 153, 151, 133, 131, 141, 139, 141, 139, 149, 147, 157, 155, 157, 155, 149, 147, 157, 155, 157, 155, 133, 131, 141, 139, 141, 139, 149, 147, 157, 155, 157, 155, 149, 147, 157, 155, 157, 155, 129, 128, 137, 135, 137, 135, 145, 143, 153, 151, 153, 151, 145, 143, 153, 151, 153, 151, 133, 131, 141, 139, 141, 139, 149, 147, 157, 155, 157, 155, 149, 147, 157, 155, 157, 155, 133, 131, 141, 139, 141, 139, 149, 147, 157, 155, 157, 155, 149, 147, 157, 155, 157, 155],
		"chiseled_deepslate": [1],
		"cracked_deepslate_bricks": [1],
		"cracked_deepslate_tiles": [1],
		"infested_deepslate": [1, 1, 1],
		"smooth_basalt": [1],
		"raw_iron_block": [1],
		"raw_copper_block": [1],
		"raw_gold_block": [1],
		"ochre_froglight": [1, 1, 1],
		"verdant_froglight": [1, 1, 1],
		"pearlescent_froglight": [1, 1, 1],
		"frog_spawn": 0,
		"reinforced_deepslate": [1]
	},
	"shapes": {
		"0": [],
		"1": [[0, 0, 0, 1, 1, 1]],
		"2": [[0, 0, 0, 0.1875, 0.5625, 0.1875], [0.8125, 0, 0, 1, 0.5625, 0.1875], [0, 0.1875, 0.1875, 1, 0.5625, 1], [0.1875, 0.1875, 0, 0.8125, 0.5625, 0.1875]],
		"3": [[0, 0, 0.8125, 0.1875, 0.5625, 1], [0.8125, 0, 0.8125, 1, 0.5625, 1], [0, 0.1875, 0, 1, 0.5625, 0.8125], [0.1875, 0.1875, 0.8125, 0.8125, 0.5625, 1]],
		"4": [[0, 0, 0, 0.1875, 0.5625, 0.1875], [0, 0, 0.8125, 0.1875, 0.5625, 1], [0, 0.1875, 0.1875, 1, 0.5625, 0.8125], [0.1875, 0.1875, 0, 1, 0.5625, 0.1875], [0.1875, 0.1875, 0.8125, 1, 0.5625, 1]],
		"5": [[0.8125, 0, 0, 1, 0.5625, 0.1875], [0.8125, 0, 0.8125, 1, 0.5625, 1], [0, 0.1875, 0, 0.8125, 0.5625, 1], [0.8125, 0.1875, 0.1875, 1, 0.5625, 0.8125]],
		"6": [[0, 0, 0.25, 1, 1, 1]],
		"7": [[0, 0, 0, 0.75, 1, 1]],
		"8": [[0, 0, 0, 1, 1, 0.75]],
		"9": [[0.25, 0, 0, 1, 1, 1]],
		"10": [[0, 0, 0, 1, 0.75, 1]],
		"11": [[0, 0.25, 0, 1, 1, 1]],
		"12": [[0, 0, 0, 1, 1, 0.25], [0.375, 0.375, 0.25, 0.625, 0.625, 1]],
		"13": [[0, 0, 0, 1, 1, 0.25], [0.375, 0.375, 0.25, 0.625, 0.625, 1.25]],
		"14": [[0.75, 0, 0, 1, 1, 1], [0, 0.375, 0.375, 0.75, 0.625, 0.625]],
		"15": [[0.75, 0, 0, 1, 1, 1], [-0.25, 0.375, 0.375, 0.75, 0.625, 0.625]],
		"16": [[0, 0, 0.75, 1, 1, 1], [0.375, 0.375, 0, 0.625, 0.625, 0.75]],
		"17": [[0, 0, 0.75, 1, 1, 1], [0.375, 0.375, -0.25, 0.625, 0.625, 0.75]],
		"18": [[0, 0, 0, 0.25, 1, 1], [0.25, 0.375, 0.375, 1, 0.625, 0.625]],
		"19": [[0, 0, 0, 0.25, 1, 1], [0.25, 0.375, 0.375, 1.25, 0.625, 0.625]],
		"20": [[0.375, 0, 0.375, 0.625, 1, 0.625], [0, 0.75, 0, 0.375, 1, 1], [0.375, 0.75, 0, 1, 1, 0.375], [0.375, 0.75, 0.625, 1, 1, 1], [0.625, 0.75, 0.375, 1, 1, 0.625]],
		"21": [[0.375, -0.25, 0.375, 0.625, 1, 0.625], [0, 0.75, 0, 0.375, 1, 1], [0.375, 0.75, 0, 1, 1, 0.375], [0.375, 0.75, 0.625, 1, 1, 1], [0.625, 0.75, 0.375, 1, 1, 0.625]],
		"22": [[0, 0, 0, 1, 0.25, 1], [0.375, 0.25, 0.375, 0.625, 1, 0.625]],
		"23": [[0, 0, 0, 1, 0.25, 1], [0.375, 0.25, 0.375, 0.625, 1.25, 0.625]],
		"24": [[0, 0, 0, 1, 1, 0.5], [0, 0.5, 0.5, 1, 1, 1]],
		"25": [[0, 0, 0, 0.5, 1, 1], [0.5, 0, 0, 1, 1, 0.5], [0.5, 0.5, 0.5, 1, 1, 1]],
		"26": [[0, 0, 0, 1, 1, 0.5], [0.5, 0, 0.5, 1, 1, 1], [0, 0.5, 0.5, 0.5, 1, 1]],
		"27": [[0, 0, 0, 0.5, 1, 0.5], [0, 0.5, 0.5, 1, 1, 1], [0.5, 0.5, 0, 1, 1, 0.5]],
		"28": [[0.5, 0, 0, 1, 1, 0.5], [0, 0.5, 0, 0.5, 1, 1], [0.5, 0.5, 0.5, 1, 1, 1]],
		"29": [[0, 0, 0, 1, 0.5, 1], [0, 0.5, 0, 1, 1, 0.5]],
		"30": [[0, 0, 0, 1, 0.5, 1], [0, 0.5, 0, 0.5, 1, 1], [0.5, 0.5, 0, 1, 1, 0.5]],
		"31": [[0, 0, 0, 1, 0.5, 1], [0, 0.5, 0, 1, 1, 0.5], [0.5, 0.5, 0.5, 1, 1, 1]],
		"32": [[0, 0, 0, 1, 0.5, 1], [0, 0.5, 0, 0.5, 1, 0.5]],
		"33": [[0, 0, 0, 1, 0.5, 1], [0.5, 0.5, 0, 1, 1, 0.5]],
		"34": [[0, 0, 0.5, 1, 1, 1], [0, 0.5, 0, 1, 1, 0.5]],
		"35": [[0, 0, 0.5, 1, 1, 1], [0.5, 0, 0, 1, 1, 0.5], [0, 0.5, 0, 0.5, 1, 0.5]],
		"36": [[0, 0, 0, 0.5, 1, 1], [0.5, 0, 0.5, 1, 1, 1], [0.5, 0.5, 0, 1, 1, 0.5]],
		"37": [[0.5, 0, 0.5, 1, 1, 1], [0, 0.5, 0, 0.5, 1, 1], [0.5, 0.5, 0, 1, 1, 0.5]],
		"38": [[0, 0, 0.5, 0.5, 1, 1], [0, 0.5, 0, 1, 1, 0.5], [0.5, 0.5, 0.5, 1, 1, 1]],
		"39": [[0, 0, 0, 1, 0.5, 1], [0, 0.5, 0.5, 1, 1, 1]],
		"40": [[0, 0, 0, 1, 0.5, 1], [0, 0.5, 0.5, 1, 1, 1], [0.5, 0.5, 0, 1, 1, 0.5]],
		"41": [[0, 0, 0, 1, 0.5, 1], [0, 0.5, 0, 0.5, 1, 1], [0.5, 0.5, 0.5, 1, 1, 1]],
		"42": [[0, 0, 0, 1, 0.5, 1], [0.5, 0.5, 0.5, 1, 1, 1]],
		"43": [[0, 0, 0, 1, 0.5, 1], [0, 0.5, 0.5, 0.5, 1, 1]],
		"44": [[0, 0, 0, 0.5, 1, 1], [0.5, 0.5, 0, 1, 1, 1]],
		"45": [[0, 0, 0, 1, 0.5, 1], [0, 0.5, 0, 0.5, 1, 1]],
		"46": [[0.5, 0, 0, 1, 1, 1], [0, 0.5, 0, 0.5, 1, 1]],
		"47": [[0, 0, 0, 1, 0.5, 1], [0.5, 0.5, 0, 1, 1, 1]],
		"48": [[0.0625, 0, 0.0625, 0.9375, 0.875, 0.9375]],
		"49": [[0.0625, 0, 0.0625, 1, 0.875, 0.9375]],
		"50": [[0, 0, 0.0625, 0.9375, 0.875, 0.9375]],
		"51": [[0.0625, 0, 0, 0.9375, 0.875, 0.9375]],
		"52": [[0.0625, 0, 0.0625, 0.9375, 0.875, 1]],
		"53": [[0, 0, 0, 1, 0.9375, 1]],
		"54": [[0, 0, 0, 0.1875, 1, 1]],
		"55": [[0, 0, 0.8125, 1, 1, 1]],
		"56": [[0.8125, 0, 0, 1, 1, 1]],
		"57": [[0, 0, 0, 1, 1, 0.1875]],
		"58": [[0, 0, 0, 1, 0.125, 1]],
		"59": [[0, 0, 0, 1, 0.25, 1]],
		"60": [[0, 0, 0, 1, 0.375, 1]],
		"61": [[0, 0, 0, 1, 0.5, 1]],
		"62": [[0, 0, 0, 1, 0.625, 1]],
		"63": [[0, 0, 0, 1, 0.875, 1]],
		"64": [[0.0625, 0, 0.0625, 0.9375, 0.9375, 0.9375]],
		"65": [[0, 0, 0.375, 1, 1.5, 0.625], [0.375, 0, 0, 0.625, 1.5, 0.375], [0.375, 0, 0.625, 0.625, 1.5, 1]],
		"66": [[0.375, 0, 0, 0.625, 1.5, 1], [0.625, 0, 0.375, 1, 1.5, 0.625]],
		"67": [[0, 0, 0.375, 1, 1.5, 0.625], [0.375, 0, 0, 0.625, 1.5, 0.375]],
		"68": [[0.375, 0, 0, 0.625, 1.5, 0.625], [0.625, 0, 0.375, 1, 1.5, 0.625]],
		"69": [[0, 0, 0.375, 1, 1.5, 0.625], [0.375, 0, 0.625, 0.625, 1.5, 1]],
		"70": [[0.375, 0, 0.375, 0.625, 1.5, 1], [0.625, 0, 0.375, 1, 1.5, 0.625]],
		"71": [[0, 0, 0.375, 1, 1.5, 0.625]],
		"72": [[0.375, 0, 0.375, 1, 1.5, 0.625]],
		"73": [[0, 0, 0.375, 0.625, 1.5, 0.625], [0.375, 0, 0, 0.625, 1.5, 0.375], [0.375, 0, 0.625, 0.625, 1.5, 1]],
		"74": [[0.375, 0, 0, 0.625, 1.5, 1]],
		"75": [[0, 0, 0.375, 0.625, 1.5, 0.625], [0.375, 0, 0, 0.625, 1.5, 0.375]],
		"76": [[0.375, 0, 0, 0.625, 1.5, 0.625]],
		"77": [[0, 0, 0.375, 0.625, 1.5, 0.625], [0.375, 0, 0.625, 0.625, 1.5, 1]],
		"78": [[0.375, 0, 0.375, 0.625, 1.5, 1]],
		"79": [[0, 0, 0.375, 0.625, 1.5, 0.625]],
		"80": [[0.375, 0, 0.375, 0.625, 1.5, 0.625]],
		"81": [[0.0625, 0, 0.0625, 0.9375, 0.5, 0.9375]],
		"82": [[0.1875, 0, 0.0625, 0.9375, 0.5, 0.9375]],
		"83": [[0.3125, 0, 0.0625, 0.9375, 0.5, 0.9375]],
		"84": [[0.4375, 0, 0.0625, 0.9375, 0.5, 0.9375]],
		"85": [[0.5625, 0, 0.0625, 0.9375, 0.5, 0.9375]],
		"86": [[0.6875, 0, 0.0625, 0.9375, 0.5, 0.9375]],
		"87": [[0.8125, 0, 0.0625, 0.9375, 0.5, 0.9375]],
		"88": [[0, 0.8125, 0, 1, 1, 1]],
		"89": [[0, 0, 0, 1, 0.1875, 1]],
		"90": [[0, 0, 0.4375, 1, 1, 0.5625], [0.4375, 0, 0, 0.5625, 1, 0.4375], [0.4375, 0, 0.5625, 0.5625, 1, 1]],
		"91": [[0.4375, 0, 0, 0.5625, 1, 1], [0.5625, 0, 0.4375, 1, 1, 0.5625]],
		"92": [[0, 0, 0.4375, 1, 1, 0.5625], [0.4375, 0, 0, 0.5625, 1, 0.4375]],
		"93": [[0.4375, 0, 0, 0.5625, 1, 0.5625], [0.5625, 0, 0.4375, 1, 1, 0.5625]],
		"94": [[0, 0, 0.4375, 1, 1, 0.5625], [0.4375, 0, 0.5625, 0.5625, 1, 1]],
		"95": [[0.4375, 0, 0.4375, 0.5625, 1, 1], [0.5625, 0, 0.4375, 1, 1, 0.5625]],
		"96": [[0, 0, 0.4375, 1, 1, 0.5625]],
		"97": [[0.4375, 0, 0.4375, 1, 1, 0.5625]],
		"98": [[0, 0, 0.4375, 0.5625, 1, 0.5625], [0.4375, 0, 0, 0.5625, 1, 0.4375], [0.4375, 0, 0.5625, 0.5625, 1, 1]],
		"99": [[0.4375, 0, 0, 0.5625, 1, 1]],
		"100": [[0, 0, 0.4375, 0.5625, 1, 0.5625], [0.4375, 0, 0, 0.5625, 1, 0.4375]],
		"101": [[0.4375, 0, 0, 0.5625, 1, 0.5625]],
		"102": [[0, 0, 0.4375, 0.5625, 1, 0.5625], [0.4375, 0, 0.5625, 0.5625, 1, 1]],
		"103": [[0.4375, 0, 0.4375, 0.5625, 1, 1]],
		"104": [[0, 0, 0.4375, 0.5625, 1, 0.5625]],
		"105": [[0.4375, 0, 0.4375, 0.5625, 1, 0.5625]],
		"106": [[0, 0.40625, 0.40625, 1, 0.59375, 0.59375]],
		"107": [[0.40625, 0, 0.40625, 0.59375, 1, 0.59375]],
		"108": [[0.40625, 0.40625, 0, 0.59375, 0.59375, 1]],
		"109": [[0.0625, 0, 0.0625, 0.9375, 0.09375, 0.9375]],
		"110": [[0.0625, 0, 0.0625, 0.9375, 0.125, 0.9375], [0.4375, 0.125, 0.4375, 0.5625, 0.875, 0.5625]],
		"111": [[0, 0, 0, 0.125, 1, 0.25], [0, 0, 0.75, 0.125, 1, 1], [0.125, 0, 0, 0.25, 1, 0.125], [0.125, 0, 0.875, 0.25, 1, 1], [0.75, 0, 0, 1, 1, 0.125], [0.75, 0, 0.875, 1, 1, 1], [0.875, 0, 0.125, 1, 1, 0.25], [0.875, 0, 0.75, 1, 1, 0.875], [0, 0.1875, 0.25, 1, 0.25, 0.75], [0.125, 0.1875, 0.125, 0.875, 0.25, 0.25], [0.125, 0.1875, 0.75, 0.875, 0.25, 0.875], [0.25, 0.1875, 0, 0.75, 1, 0.125], [0.25, 0.1875, 0.875, 0.75, 1, 1], [0, 0.25, 0.25, 0.125, 1, 0.75], [0.875, 0.25, 0.25, 1, 1, 0.75]],
		"112": [[0, 0, 0, 1, 0.8125, 1], [0.25, 0.8125, 0.25, 0.75, 1, 0.75]],
		"113": [[0, 0, 0, 1, 0.8125, 1]],
		"114": [[0.0625, 0, 0.0625, 0.9375, 1, 0.9375]],
		"115": [[0.375, 0.4375, 0.0625, 0.625, 0.75, 0.3125]],
		"116": [[0.375, 0.4375, 0.6875, 0.625, 0.75, 0.9375]],
		"117": [[0.0625, 0.4375, 0.375, 0.3125, 0.75, 0.625]],
		"118": [[0.6875, 0.4375, 0.375, 0.9375, 0.75, 0.625]],
		"119": [[0.3125, 0.3125, 0.0625, 0.6875, 0.75, 0.4375]],
		"120": [[0.3125, 0.3125, 0.5625, 0.6875, 0.75, 0.9375]],
		"121": [[0.0625, 0.3125, 0.3125, 0.4375, 0.75, 0.6875]],
		"122": [[0.5625, 0.3125, 0.3125, 0.9375, 0.75, 0.6875]],
		"123": [[0.25, 0.1875, 0.0625, 0.75, 0.75, 0.5625]],
		"124": [[0.25, 0.1875, 0.4375, 0.75, 0.75, 0.9375]],
		"125": [[0.0625, 0.1875, 0.25, 0.5625, 0.75, 0.75]],
		"126": [[0.4375, 0.1875, 0.25, 0.9375, 0.75, 0.75]],
		"127": [[0.25, 0, 0.25, 0.75, 1.5, 0.75]],
		"128": [[0, 0, 0.3125, 0.75, 1.5, 0.6875], [0.25, 0, 0.25, 0.75, 1.5, 0.3125], [0.25, 0, 0.6875, 0.75, 1.5, 0.75]],
		"129": [[0, 0, 0.3125, 0.6875, 1.5, 0.6875]],
		"130": [[0.25, 0, 0.25, 0.75, 1.5, 0.75], [0.3125, 0, 0.75, 0.6875, 1.5, 1]],
		"131": [[0, 0, 0.3125, 0.75, 1.5, 0.6875], [0.25, 0, 0.25, 0.75, 1.5, 0.3125], [0.25, 0, 0.6875, 0.75, 1.5, 0.75], [0.3125, 0, 0.75, 0.6875, 1.5, 1]],
		"132": [[0.3125, 0, 0.3125, 0.6875, 1.5, 1]],
		"133": [[0, 0, 0.3125, 0.6875, 1.5, 0.6875], [0.3125, 0, 0.6875, 0.6875, 1.5, 1]],
		"134": [[0.25, 0, 0.25, 0.75, 1.5, 0.75], [0.3125, 0, 0, 0.6875, 1.5, 0.25]],
		"135": [[0, 0, 0.3125, 0.75, 1.5, 0.6875], [0.25, 0, 0.25, 0.75, 1.5, 0.3125], [0.25, 0, 0.6875, 0.75, 1.5, 0.75], [0.3125, 0, 0, 0.6875, 1.5, 0.25]],
		"136": [[0.3125, 0, 0, 0.6875, 1.5, 0.6875]],
		"137": [[0, 0, 0.3125, 0.6875, 1.5, 0.6875], [0.3125, 0, 0, 0.6875, 1.5, 0.3125]],
		"138": [[0.25, 0, 0.25, 0.75, 1.5, 0.75], [0.3125, 0, 0, 0.6875, 1.5, 0.25], [0.3125, 0, 0.75, 0.6875, 1.5, 1]],
		"139": [[0, 0, 0.3125, 0.75, 1.5, 0.6875], [0.25, 0, 0.25, 0.75, 1.5, 0.3125], [0.25, 0, 0.6875, 0.75, 1.5, 0.75], [0.3125, 0, 0, 0.6875, 1.5, 0.25], [0.3125, 0, 0.75, 0.6875, 1.5, 1]],
		"140": [[0.3125, 0, 0, 0.6875, 1.5, 1]],
		"141": [[0, 0, 0.3125, 0.6875, 1.5, 0.6875], [0.3125, 0, 0, 0.6875, 1.5, 0.3125], [0.3125, 0, 0.6875, 0.6875, 1.5, 1]],
		"142": [[0.25, 0, 0.25, 0.75, 1.5, 0.75], [0.75, 0, 0.3125, 1, 1.5, 0.6875]],
		"143": [[0, 0, 0.3125, 1, 1.5, 0.6875], [0.25, 0, 0.25, 0.75, 1.5, 0.3125], [0.25, 0, 0.6875, 0.75, 1.5, 0.75]],
		"144": [[0.3125, 0, 0.3125, 1, 1.5, 0.6875]],
		"145": [[0, 0, 0.3125, 1, 1.5, 0.6875]],
		"146": [[0.25, 0, 0.25, 0.75, 1.5, 0.75], [0.3125, 0, 0.75, 0.6875, 1.5, 1], [0.75, 0, 0.3125, 1, 1.5, 0.6875]],
		"147": [[0, 0, 0.3125, 1, 1.5, 0.6875], [0.25, 0, 0.25, 0.75, 1.5, 0.3125], [0.25, 0, 0.6875, 0.75, 1.5, 0.75], [0.3125, 0, 0.75, 0.6875, 1.5, 1]],
		"148": [[0.3125, 0, 0.3125, 0.6875, 1.5, 1], [0.6875, 0, 0.3125, 1, 1.5, 0.6875]],
		"149": [[0, 0, 0.3125, 1, 1.5, 0.6875], [0.3125, 0, 0.6875, 0.6875, 1.5, 1]],
		"150": [[0.25, 0, 0.25, 0.75, 1.5, 0.75], [0.3125, 0, 0, 0.6875, 1.5, 0.25], [0.75, 0, 0.3125, 1, 1.5, 0.6875]],
		"151": [[0, 0, 0.3125, 1, 1.5, 0.6875], [0.25, 0, 0.25, 0.75, 1.5, 0.3125], [0.25, 0, 0.6875, 0.75, 1.5, 0.75], [0.3125, 0, 0, 0.6875, 1.5, 0.25]],
		"152": [[0.3125, 0, 0, 0.6875, 1.5, 0.6875], [0.6875, 0, 0.3125, 1, 1.5, 0.6875]],
		"153": [[0, 0, 0.3125, 1, 1.5, 0.6875], [0.3125, 0, 0, 0.6875, 1.5, 0.3125]],
		"154": [[0.25, 0, 0.25, 0.75, 1.5, 0.75], [0.3125, 0, 0, 0.6875, 1.5, 0.25], [0.3125, 0, 0.75, 0.6875, 1.5, 1], [0.75, 0, 0.3125, 1, 1.5, 0.6875]],
		"155": [[0, 0, 0.3125, 1, 1.5, 0.6875], [0.25, 0, 0.25, 0.75, 1.5, 0.3125], [0.25, 0, 0.6875, 0.75, 1.5, 0.75], [0.3125, 0, 0, 0.6875, 1.5, 0.25], [0.3125, 0, 0.75, 0.6875, 1.5, 1]],
		"156": [[0.3125, 0, 0, 0.6875, 1.5, 1], [0.6875, 0, 0.3125, 1, 1.5, 0.6875]],
		"157": [[0, 0, 0.3125, 1, 1.5, 0.6875], [0.3125, 0, 0, 0.6875, 1.5, 0.3125], [0.3125, 0, 0.6875, 0.6875, 1.5, 1]],
		"158": [[0.3125, 0, 0.3125, 0.6875, 0.375, 0.6875]],
		"159": [[0.25, 0, 0.25, 0.75, 0.5, 0.75]],
		"160": [[0.25, 0.25, 0.5, 0.75, 0.75, 1]],
		"161": [[0.25, 0.25, 0, 0.75, 0.75, 0.5]],
		"162": [[0.5, 0.25, 0.25, 1, 0.75, 0.75]],
		"163": [[0, 0.25, 0.25, 0.5, 0.75, 0.75]],
		"164": [[0.125, 0, 0.125, 0.875, 0.25, 0.875], [0.25, 0.25, 0.1875, 0.75, 0.3125, 0.8125], [0.375, 0.3125, 0.25, 0.625, 1, 0.75], [0.1875, 0.625, 0, 0.375, 1, 1], [0.375, 0.625, 0, 0.8125, 1, 0.25], [0.375, 0.625, 0.75, 0.8125, 1, 1], [0.625, 0.625, 0.25, 0.8125, 1, 0.75]],
		"165": [[0.125, 0, 0.125, 0.875, 0.25, 0.875], [0.1875, 0.25, 0.25, 0.8125, 0.3125, 0.75], [0.25, 0.3125, 0.375, 0.75, 1, 0.625], [0, 0.625, 0.1875, 0.25, 1, 0.8125], [0.25, 0.625, 0.1875, 1, 1, 0.375], [0.25, 0.625, 0.625, 1, 1, 0.8125], [0.75, 0.625, 0.375, 1, 1, 0.625]],
		"166": [[0.375, 0, 0.375, 0.625, 0.6875, 0.625], [0.25, 0.25, 0.25, 0.375, 0.6875, 0.75], [0.375, 0.25, 0.25, 0.75, 0.6875, 0.375], [0.375, 0.25, 0.625, 0.75, 0.6875, 0.75], [0.625, 0.25, 0.375, 0.75, 0.6875, 0.625], [0, 0.625, 0, 0.25, 0.6875, 1], [0.25, 0.625, 0, 1, 0.6875, 0.25], [0.25, 0.625, 0.75, 1, 0.6875, 1], [0.75, 0.625, 0.25, 1, 0.6875, 0.75], [0, 0.6875, 0, 0.125, 1, 1], [0.125, 0.6875, 0, 1, 1, 0.125], [0.125, 0.6875, 0.875, 1, 1, 1], [0.875, 0.6875, 0.125, 1, 1, 0.875]],
		"167": [[0.25, 0.25, 0.25, 0.75, 0.6875, 0.75], [0.375, 0.25, 0, 0.625, 0.5, 0.25], [0, 0.625, 0, 0.25, 0.6875, 1], [0.25, 0.625, 0, 1, 0.6875, 0.25], [0.25, 0.625, 0.75, 1, 0.6875, 1], [0.75, 0.625, 0.25, 1, 0.6875, 0.75], [0, 0.6875, 0, 0.125, 1, 1], [0.125, 0.6875, 0, 1, 1, 0.125], [0.125, 0.6875, 0.875, 1, 1, 1], [0.875, 0.6875, 0.125, 1, 1, 0.875]],
		"168": [[0.25, 0.25, 0.25, 0.75, 0.6875, 0.75], [0.375, 0.25, 0.75, 0.625, 0.5, 1], [0, 0.625, 0, 0.25, 0.6875, 1], [0.25, 0.625, 0, 1, 0.6875, 0.25], [0.25, 0.625, 0.75, 1, 0.6875, 1], [0.75, 0.625, 0.25, 1, 0.6875, 0.75], [0, 0.6875, 0, 0.125, 1, 1], [0.125, 0.6875, 0, 1, 1, 0.125], [0.125, 0.6875, 0.875, 1, 1, 1], [0.875, 0.6875, 0.125, 1, 1, 0.875]],
		"169": [[0, 0.25, 0.375, 0.75, 0.5, 0.625], [0.25, 0.25, 0.25, 0.75, 0.6875, 0.375], [0.25, 0.25, 0.625, 0.75, 0.6875, 0.75], [0.25, 0.5, 0.375, 0.75, 0.6875, 0.625], [0, 0.625, 0, 0.25, 0.6875, 1], [0.25, 0.625, 0, 1, 0.6875, 0.25], [0.25, 0.625, 0.75, 1, 0.6875, 1], [0.75, 0.625, 0.25, 1, 0.6875, 0.75], [0, 0.6875, 0, 0.125, 1, 1], [0.125, 0.6875, 0, 1, 1, 0.125], [0.125, 0.6875, 0.875, 1, 1, 1], [0.875, 0.6875, 0.125, 1, 1, 0.875]],
		"170": [[0.25, 0.25, 0.25, 0.75, 0.6875, 0.75], [0.75, 0.25, 0.375, 1, 0.5, 0.625], [0, 0.625, 0, 0.25, 0.6875, 1], [0.25, 0.625, 0, 1, 0.6875, 0.25], [0.25, 0.625, 0.75, 1, 0.6875, 1], [0.75, 0.625, 0.25, 1, 0.6875, 0.75], [0, 0.6875, 0, 0.125, 1, 1], [0.125, 0.6875, 0, 1, 1, 0.125], [0.125, 0.6875, 0.875, 1, 1, 1], [0.875, 0.6875, 0.125, 1, 1, 0.875]],
		"171": [[0, 0.5, 0, 1, 1, 1]],
		"172": [[0, 0, 0, 1, 0.0625, 1]],
		"173": [[0.375, 0.375, 0, 0.625, 0.625, 1]],
		"174": [[0, 0.375, 0.375, 1, 0.625, 0.625]],
		"175": [[0.375, 0, 0.375, 0.625, 1, 0.625]],
		"176": [[0.1875, 0, 0.1875, 0.8125, 1, 0.8125], [0, 0.1875, 0.1875, 0.1875, 0.8125, 0.8125], [0.1875, 0.1875, 0, 0.8125, 0.8125, 0.1875], [0.1875, 0.1875, 0.8125, 0.8125, 0.8125, 1], [0.8125, 0.1875, 0.1875, 1, 0.8125, 0.8125]],
		"177": [[0.1875, 0, 0.1875, 0.8125, 1, 0.8125], [0.1875, 0.1875, 0, 0.8125, 0.8125, 0.1875], [0.1875, 0.1875, 0.8125, 0.8125, 0.8125, 1], [0.8125, 0.1875, 0.1875, 1, 0.8125, 0.8125]],
		"178": [[0.1875, 0, 0.1875, 0.8125, 0.8125, 0.8125], [0, 0.1875, 0.1875, 0.1875, 0.8125, 0.8125], [0.1875, 0.1875, 0, 0.8125, 0.8125, 0.1875], [0.1875, 0.1875, 0.8125, 0.8125, 0.8125, 1], [0.8125, 0.1875, 0.1875, 1, 0.8125, 0.8125]],
		"179": [[0.1875, 0, 0.1875, 0.8125, 0.8125, 0.8125], [0.1875, 0.1875, 0, 0.8125, 0.8125, 0.1875], [0.1875, 0.1875, 0.8125, 0.8125, 0.8125, 1], [0.8125, 0.1875, 0.1875, 1, 0.8125, 0.8125]],
		"180": [[0.1875, 0, 0.1875, 0.8125, 1, 0.8125], [0, 0.1875, 0.1875, 0.1875, 0.8125, 0.8125], [0.1875, 0.1875, 0, 0.8125, 0.8125, 0.1875], [0.8125, 0.1875, 0.1875, 1, 0.8125, 0.8125]],
		"181": [[0.1875, 0, 0.1875, 0.8125, 1, 0.8125], [0.1875, 0.1875, 0, 0.8125, 0.8125, 0.1875], [0.8125, 0.1875, 0.1875, 1, 0.8125, 0.8125]],
		"182": [[0.1875, 0, 0.1875, 0.8125, 0.8125, 0.8125], [0, 0.1875, 0.1875, 0.1875, 0.8125, 0.8125], [0.1875, 0.1875, 0, 0.8125, 0.8125, 0.1875], [0.8125, 0.1875, 0.1875, 1, 0.8125, 0.8125]],
		"183": [[0.1875, 0, 0.1875, 0.8125, 0.8125, 0.8125], [0.1875, 0.1875, 0, 0.8125, 0.8125, 0.1875], [0.8125, 0.1875, 0.1875, 1, 0.8125, 0.8125]],
		"184": [[0.1875, 0, 0.1875, 0.8125, 1, 0.8125], [0, 0.1875, 0.1875, 0.1875, 0.8125, 0.8125], [0.1875, 0.1875, 0.8125, 0.8125, 0.8125, 1], [0.8125, 0.1875, 0.1875, 1, 0.8125, 0.8125]],
		"185": [[0.1875, 0, 0.1875, 0.8125, 1, 0.8125], [0.1875, 0.1875, 0.8125, 0.8125, 0.8125, 1], [0.8125, 0.1875, 0.1875, 1, 0.8125, 0.8125]],
		"186": [[0.1875, 0, 0.1875, 0.8125, 0.8125, 0.8125], [0, 0.1875, 0.1875, 0.1875, 0.8125, 0.8125], [0.1875, 0.1875, 0.8125, 0.8125, 0.8125, 1], [0.8125, 0.1875, 0.1875, 1, 0.8125, 0.8125]],
		"187": [[0.1875, 0, 0.1875, 0.8125, 0.8125, 0.8125], [0.1875, 0.1875, 0.8125, 0.8125, 0.8125, 1], [0.8125, 0.1875, 0.1875, 1, 0.8125, 0.8125]],
		"188": [[0.1875, 0, 0.1875, 0.8125, 1, 0.8125], [0, 0.1875, 0.1875, 0.1875, 0.8125, 0.8125], [0.8125, 0.1875, 0.1875, 1, 0.8125, 0.8125]],
		"189": [[0.1875, 0, 0.1875, 0.8125, 1, 0.8125], [0.8125, 0.1875, 0.1875, 1, 0.8125, 0.8125]],
		"190": [[0.1875, 0, 0.1875, 0.8125, 0.8125, 0.8125], [0, 0.1875, 0.1875, 0.1875, 0.8125, 0.8125], [0.8125, 0.1875, 0.1875, 1, 0.8125, 0.8125]],
		"191": [[0.1875, 0, 0.1875, 0.8125, 0.8125, 0.8125], [0.8125, 0.1875, 0.1875, 1, 0.8125, 0.8125]],
		"192": [[0.1875, 0, 0.1875, 0.8125, 1, 0.8125], [0, 0.1875, 0.1875, 0.1875, 0.8125, 0.8125], [0.1875, 0.1875, 0, 0.8125, 0.8125, 0.1875], [0.1875, 0.1875, 0.8125, 0.8125, 0.8125, 1]],
		"193": [[0.1875, 0, 0.1875, 0.8125, 1, 0.8125], [0.1875, 0.1875, 0, 0.8125, 0.8125, 0.1875], [0.1875, 0.1875, 0.8125, 0.8125, 0.8125, 1]],
		"194": [[0.1875, 0, 0.1875, 0.8125, 0.8125, 0.8125], [0, 0.1875, 0.1875, 0.1875, 0.8125, 0.8125], [0.1875, 0.1875, 0, 0.8125, 0.8125, 0.1875], [0.1875, 0.1875, 0.8125, 0.8125, 0.8125, 1]],
		"195": [[0.1875, 0, 0.1875, 0.8125, 0.8125, 0.8125], [0.1875, 0.1875, 0, 0.8125, 0.8125, 0.1875], [0.1875, 0.1875, 0.8125, 0.8125, 0.8125, 1]],
		"196": [[0.1875, 0, 0.1875, 0.8125, 1, 0.8125], [0, 0.1875, 0.1875, 0.1875, 0.8125, 0.8125], [0.1875, 0.1875, 0, 0.8125, 0.8125, 0.1875]],
		"197": [[0.1875, 0, 0.1875, 0.8125, 1, 0.8125], [0.1875, 0.1875, 0, 0.8125, 0.8125, 0.1875]],
		"198": [[0.1875, 0, 0.1875, 0.8125, 0.8125, 0.8125], [0, 0.1875, 0.1875, 0.1875, 0.8125, 0.8125], [0.1875, 0.1875, 0, 0.8125, 0.8125, 0.1875]],
		"199": [[0.1875, 0, 0.1875, 0.8125, 0.8125, 0.8125], [0.1875, 0.1875, 0, 0.8125, 0.8125, 0.1875]],
		"200": [[0.1875, 0, 0.1875, 0.8125, 1, 0.8125], [0, 0.1875, 0.1875, 0.1875, 0.8125, 0.8125], [0.1875, 0.1875, 0.8125, 0.8125, 0.8125, 1]],
		"201": [[0.1875, 0, 0.1875, 0.8125, 1, 0.8125], [0.1875, 0.1875, 0.8125, 0.8125, 0.8125, 1]],
		"202": [[0.1875, 0, 0.1875, 0.8125, 0.8125, 0.8125], [0, 0.1875, 0.1875, 0.1875, 0.8125, 0.8125], [0.1875, 0.1875, 0.8125, 0.8125, 0.8125, 1]],
		"203": [[0.1875, 0, 0.1875, 0.8125, 0.8125, 0.8125], [0.1875, 0.1875, 0.8125, 0.8125, 0.8125, 1]],
		"204": [[0.1875, 0, 0.1875, 0.8125, 1, 0.8125], [0, 0.1875, 0.1875, 0.1875, 0.8125, 0.8125]],
		"205": [[0.1875, 0, 0.1875, 0.8125, 1, 0.8125]],
		"206": [[0.1875, 0, 0.1875, 0.8125, 0.8125, 0.8125], [0, 0.1875, 0.1875, 0.1875, 0.8125, 0.8125]],
		"207": [[0.1875, 0, 0.1875, 0.8125, 0.8125, 0.8125]],
		"208": [[0, 0.1875, 0.1875, 1, 0.8125, 0.8125], [0.1875, 0.1875, 0, 0.8125, 0.8125, 0.1875], [0.1875, 0.1875, 0.8125, 0.8125, 0.8125, 1], [0.1875, 0.8125, 0.1875, 0.8125, 1, 0.8125]],
		"209": [[0.1875, 0.1875, 0, 0.8125, 0.8125, 1], [0.8125, 0.1875, 0.1875, 1, 0.8125, 0.8125], [0.1875, 0.8125, 0.1875, 0.8125, 1, 0.8125]],
		"210": [[0, 0.1875, 0.1875, 1, 0.8125, 0.8125], [0.1875, 0.1875, 0, 0.8125, 0.8125, 0.1875], [0.1875, 0.1875, 0.8125, 0.8125, 0.8125, 1]],
		"211": [[0.1875, 0.1875, 0, 0.8125, 0.8125, 1], [0.8125, 0.1875, 0.1875, 1, 0.8125, 0.8125]],
		"212": [[0, 0.1875, 0.1875, 1, 0.8125, 0.8125], [0.1875, 0.1875, 0, 0.8125, 0.8125, 0.1875], [0.1875, 0.8125, 0.1875, 0.8125, 1, 0.8125]],
		"213": [[0.1875, 0.1875, 0, 0.8125, 0.8125, 0.8125], [0.8125, 0.1875, 0.1875, 1, 0.8125, 0.8125], [0.1875, 0.8125, 0.1875, 0.8125, 1, 0.8125]],
		"214": [[0, 0.1875, 0.1875, 1, 0.8125, 0.8125], [0.1875, 0.1875, 0, 0.8125, 0.8125, 0.1875]],
		"215": [[0.1875, 0.1875, 0, 0.8125, 0.8125, 0.8125], [0.8125, 0.1875, 0.1875, 1, 0.8125, 0.8125]],
		"216": [[0, 0.1875, 0.1875, 1, 0.8125, 0.8125], [0.1875, 0.1875, 0.8125, 0.8125, 0.8125, 1], [0.1875, 0.8125, 0.1875, 0.8125, 1, 0.8125]],
		"217": [[0.1875, 0.1875, 0.1875, 0.8125, 0.8125, 1], [0.8125, 0.1875, 0.1875, 1, 0.8125, 0.8125], [0.1875, 0.8125, 0.1875, 0.8125, 1, 0.8125]],
		"218": [[0, 0.1875, 0.1875, 1, 0.8125, 0.8125], [0.1875, 0.1875, 0.8125, 0.8125, 0.8125, 1]],
		"219": [[0.1875, 0.1875, 0.1875, 0.8125, 0.8125, 1], [0.8125, 0.1875, 0.1875, 1, 0.8125, 0.8125]],
		"220": [[0, 0.1875, 0.1875, 1, 0.8125, 0.8125], [0.1875, 0.8125, 0.1875, 0.8125, 1, 0.8125]],
		"221": [[0.1875, 0.1875, 0.1875, 1, 0.8125, 0.8125], [0.1875, 0.8125, 0.1875, 0.8125, 1, 0.8125]],
		"222": [[0, 0.1875, 0.1875, 1, 0.8125, 0.8125]],
		"223": [[0.1875, 0.1875, 0.1875, 1, 0.8125, 0.8125]],
		"224": [[0, 0.1875, 0.1875, 0.8125, 0.8125, 0.8125], [0.1875, 0.1875, 0, 0.8125, 0.8125, 0.1875], [0.1875, 0.1875, 0.8125, 0.8125, 0.8125, 1], [0.1875, 0.8125, 0.1875, 0.8125, 1, 0.8125]],
		"225": [[0.1875, 0.1875, 0, 0.8125, 0.8125, 1], [0.1875, 0.8125, 0.1875, 0.8125, 1, 0.8125]],
		"226": [[0, 0.1875, 0.1875, 0.8125, 0.8125, 0.8125], [0.1875, 0.1875, 0, 0.8125, 0.8125, 0.1875], [0.1875, 0.1875, 0.8125, 0.8125, 0.8125, 1]],
		"227": [[0.1875, 0.1875, 0, 0.8125, 0.8125, 1]],
		"228": [[0, 0.1875, 0.1875, 0.8125, 0.8125, 0.8125], [0.1875, 0.1875, 0, 0.8125, 0.8125, 0.1875], [0.1875, 0.8125, 0.1875, 0.8125, 1, 0.8125]],
		"229": [[0.1875, 0.1875, 0, 0.8125, 0.8125, 0.8125], [0.1875, 0.8125, 0.1875, 0.8125, 1, 0.8125]],
		"230": [[0, 0.1875, 0.1875, 0.8125, 0.8125, 0.8125], [0.1875, 0.1875, 0, 0.8125, 0.8125, 0.1875]],
		"231": [[0.1875, 0.1875, 0, 0.8125, 0.8125, 0.8125]],
		"232": [[0, 0.1875, 0.1875, 0.8125, 0.8125, 0.8125], [0.1875, 0.1875, 0.8125, 0.8125, 0.8125, 1], [0.1875, 0.8125, 0.1875, 0.8125, 1, 0.8125]],
		"233": [[0.1875, 0.1875, 0.1875, 0.8125, 0.8125, 1], [0.1875, 0.8125, 0.1875, 0.8125, 1, 0.8125]],
		"234": [[0, 0.1875, 0.1875, 0.8125, 0.8125, 0.8125], [0.1875, 0.1875, 0.8125, 0.8125, 0.8125, 1]],
		"235": [[0.1875, 0.1875, 0.1875, 0.8125, 0.8125, 1]],
		"236": [[0, 0.1875, 0.1875, 0.8125, 0.8125, 0.8125], [0.1875, 0.8125, 0.1875, 0.8125, 1, 0.8125]],
		"237": [[0.1875, 0.1875, 0.1875, 0.8125, 1, 0.8125]],
		"238": [[0, 0.1875, 0.1875, 0.8125, 0.8125, 0.8125]],
		"239": [[0.1875, 0.1875, 0.1875, 0.8125, 0.8125, 0.8125]],
		"240": [[0.1875, 0, 0.1875, 0.75, 0.4375, 0.75]],
		"241": [[0.0625, 0, 0.0625, 0.9375, 0.4375, 0.9375]],
		"242": [[0.375, 0, 0.375, 0.625, 0.375, 0.625]],
		"243": [[0.1875, 0, 0.1875, 0.8125, 0.375, 0.8125]],
		"244": [[0.125, 0, 0.125, 0.875, 0.375, 0.875]],
		"245": [[0.125, 0, 0.125, 0.875, 0.4375, 0.875]],
		"246": [[0.3125, 0.3125, 0.3125, 0.6875, 0.6875, 0.6875]],
		"247": [[0, 0, 0, 0.125, 1, 0.125], [0, 0, 0.875, 0.125, 1, 1], [0.875, 0, 0, 1, 1, 0.125], [0.875, 0, 0.875, 1, 1, 1], [0, 0.875, 0.125, 1, 1, 0.875], [0.125, 0.875, 0, 0.875, 1, 0.125], [0.125, 0.875, 0.875, 0.875, 1, 1]],
		"248": [[0.125, 0, 0.375, 0.25, 0.8125, 0.625], [0.75, 0, 0.375, 0.875, 0.8125, 0.625], [0.25, 0.25, 0.125, 0.75, 1, 0.875], [0.125, 0.4375, 0.3125, 0.25, 0.8125, 0.375], [0.125, 0.4375, 0.625, 0.25, 0.8125, 0.6875], [0.75, 0.4375, 0.3125, 0.875, 0.8125, 0.375], [0.75, 0.4375, 0.625, 0.875, 0.8125, 0.6875]],
		"249": [[0.375, 0, 0.125, 0.625, 0.8125, 0.25], [0.375, 0, 0.75, 0.625, 0.8125, 0.875], [0.125, 0.25, 0.25, 0.875, 1, 0.75], [0.3125, 0.4375, 0.125, 0.375, 0.8125, 0.25], [0.3125, 0.4375, 0.75, 0.375, 0.8125, 0.875], [0.625, 0.4375, 0.125, 0.6875, 0.8125, 0.25], [0.625, 0.4375, 0.75, 0.6875, 0.8125, 0.875]],
		"250": [[0.25, 0.125, 0, 0.75, 0.875, 0.75], [0.125, 0.3125, 0.1875, 0.25, 0.6875, 0.5625], [0.75, 0.3125, 0.1875, 0.875, 0.6875, 0.5625], [0.125, 0.375, 0.5625, 0.25, 0.625, 1], [0.75, 0.375, 0.5625, 0.875, 0.625, 1]],
		"251": [[0.25, 0.125, 0.25, 0.75, 0.875, 1], [0.125, 0.3125, 0.4375, 0.25, 0.6875, 0.8125], [0.75, 0.3125, 0.4375, 0.875, 0.6875, 0.8125], [0.125, 0.375, 0, 0.25, 0.625, 0.4375], [0.75, 0.375, 0, 0.875, 0.625, 0.4375]],
		"252": [[0, 0.125, 0.25, 0.75, 0.875, 0.75], [0.1875, 0.3125, 0.125, 0.5625, 0.6875, 0.25], [0.1875, 0.3125, 0.75, 0.5625, 0.6875, 0.875], [0.5625, 0.375, 0.125, 1, 0.625, 0.25], [0.5625, 0.375, 0.75, 1, 0.625, 0.875]],
		"253": [[0.25, 0.125, 0.25, 1, 0.875, 0.75], [0.4375, 0.3125, 0.125, 0.8125, 0.6875, 0.25], [0.4375, 0.3125, 0.75, 0.8125, 0.6875, 0.875], [0, 0.375, 0.125, 0.4375, 0.625, 0.25], [0, 0.375, 0.75, 0.4375, 0.625, 0.875]],
		"254": [[0.25, 0, 0.125, 0.75, 0.75, 0.875], [0.125, 0.1875, 0.3125, 0.25, 0.5625, 0.6875], [0.75, 0.1875, 0.3125, 0.875, 0.5625, 0.6875], [0.125, 0.5625, 0.375, 0.25, 1, 0.625], [0.75, 0.5625, 0.375, 0.875, 1, 0.625]],
		"255": [[0.125, 0, 0.25, 0.875, 0.75, 0.75], [0.3125, 0.1875, 0.125, 0.6875, 0.5625, 0.25], [0.3125, 0.1875, 0.75, 0.6875, 0.5625, 0.875], [0.375, 0.5625, 0.125, 0.625, 1, 0.25], [0.375, 0.5625, 0.75, 0.625, 1, 0.875]],
		"256": [[0, 0, 0, 1, 0.125, 1], [0.25, 0.125, 0.25, 0.75, 0.875, 0.75]],
		"257": [[0, 0, 0, 1, 0.5625, 1]],
		"258": [[0, 0, 0.25, 1, 1, 0.75]],
		"259": [[0.25, 0, 0, 0.75, 1, 1]],
		"260": [[0.25, 0.25, 0.25, 0.75, 0.375, 0.75], [0.3125, 0.375, 0.3125, 0.6875, 0.8125, 0.6875], [0.4375, 0.8125, 0.4375, 0.5625, 1, 0.5625]],
		"261": [[0.25, 0.25, 0.25, 0.75, 0.375, 0.75], [0.3125, 0.375, 0.3125, 0.6875, 0.8125, 0.6875], [0.4375, 0.8125, 0, 0.5625, 0.9375, 0.8125]],
		"262": [[0.25, 0.25, 0.25, 0.75, 0.375, 0.75], [0.3125, 0.375, 0.3125, 0.6875, 0.8125, 0.6875], [0.4375, 0.8125, 0.1875, 0.5625, 0.9375, 1]],
		"263": [[0.25, 0.25, 0.25, 0.75, 0.375, 0.75], [0.3125, 0.375, 0.3125, 0.6875, 0.8125, 0.6875], [0, 0.8125, 0.4375, 0.8125, 0.9375, 0.5625]],
		"264": [[0.25, 0.25, 0.25, 0.75, 0.375, 0.75], [0.3125, 0.375, 0.3125, 0.6875, 0.8125, 0.6875], [0.1875, 0.8125, 0.4375, 1, 0.9375, 0.5625]],
		"265": [[0.25, 0.25, 0.25, 0.75, 0.375, 0.75], [0.3125, 0.375, 0.3125, 0.6875, 0.8125, 0.6875], [0.4375, 0.8125, 0, 0.5625, 0.9375, 1]],
		"266": [[0.25, 0.25, 0.25, 0.75, 0.375, 0.75], [0.3125, 0.375, 0.3125, 0.6875, 0.8125, 0.6875], [0, 0.8125, 0.4375, 1, 0.9375, 0.5625]],
		"267": [[0.3125, 0.0625, 0.3125, 0.6875, 0.5, 0.6875], [0.375, 0.5, 0.375, 0.625, 0.625, 0.625]],
		"268": [[0.3125, 0, 0.3125, 0.6875, 0.4375, 0.6875], [0.375, 0.4375, 0.375, 0.625, 0.5625, 0.625]],
		"269": [[0, 0, 0, 1, 0.4375, 1]],
		"270": [[0, 0, 0, 1, 0.125, 1], [0, 0.125, 0, 0.125, 1, 1], [0.125, 0.125, 0, 1, 1, 0.125], [0.125, 0.125, 0.875, 1, 1, 1], [0.875, 0.125, 0.125, 1, 1, 0.875]],
		"271": [[0.4375, 0, 0.4375, 0.5625, 0.375, 0.5625]],
		"272": [[0.3125, 0, 0.375, 0.6875, 0.375, 0.5625]],
		"273": [[0.3125, 0, 0.375, 0.625, 0.375, 0.6875]],
		"274": [[0.3125, 0, 0.3125, 0.6875, 0.375, 0.625]],
		"275": [[0.0625, 0, 0.0625, 0.9375, 0.5, 0.9375], [0.4375, 0.5, 0.4375, 0.5625, 0.875, 0.5625]],
		"276": [[0.1875, 0.1875, 0.5625, 0.8125, 0.8125, 1]],
		"277": [[0, 0.1875, 0.1875, 0.4375, 0.8125, 0.8125]],
		"278": [[0.1875, 0.1875, 0, 0.8125, 0.8125, 0.4375]],
		"279": [[0.5625, 0.1875, 0.1875, 1, 0.8125, 0.8125]],
		"280": [[0.1875, 0, 0.1875, 0.8125, 0.4375, 0.8125]],
		"281": [[0.1875, 0.5625, 0.1875, 0.8125, 1, 0.8125]],
		"282": [[0.1875, 0.1875, 0.6875, 0.8125, 0.8125, 1]],
		"283": [[0, 0.1875, 0.1875, 0.3125, 0.8125, 0.8125]],
		"284": [[0.1875, 0.1875, 0, 0.8125, 0.8125, 0.3125]],
		"285": [[0.6875, 0.1875, 0.1875, 1, 0.8125, 0.8125]],
		"286": [[0.1875, 0, 0.1875, 0.8125, 0.3125, 0.8125]],
		"287": [[0.1875, 0.6875, 0.1875, 0.8125, 1, 0.8125]],
		"288": [[0.1875, 0.1875, 0.75, 0.8125, 0.8125, 1]],
		"289": [[0, 0.1875, 0.1875, 0.25, 0.8125, 0.8125]],
		"290": [[0.1875, 0.1875, 0, 0.8125, 0.8125, 0.25]],
		"291": [[0.75, 0.1875, 0.1875, 1, 0.8125, 0.8125]],
		"292": [[0.1875, 0, 0.1875, 0.8125, 0.25, 0.8125]],
		"293": [[0.1875, 0.75, 0.1875, 0.8125, 1, 0.8125]],
		"294": [[0.25, 0.25, 0.8125, 0.75, 0.75, 1]],
		"295": [[0, 0.25, 0.25, 0.1875, 0.75, 0.75]],
		"296": [[0.25, 0.25, 0, 0.75, 0.75, 0.1875]],
		"297": [[0.8125, 0.25, 0.25, 1, 0.75, 0.75]],
		"298": [[0.25, 0, 0.25, 0.75, 0.1875, 0.75]],
		"299": [[0.25, 0.8125, 0.25, 0.75, 1, 0.75]],
		"300": [[0.375, 0, 0.375, 0.625, 1, 0.625], [0, 0.5, 0, 0.375, 1, 1], [0.375, 0.5, 0, 1, 1, 0.375], [0.375, 0.5, 0.625, 1, 1, 1], [0.625, 0.5, 0.375, 1, 1, 0.625]],
		"301": [[0, 0.6875, 0, 1, 0.9375, 1]],
		"302": [[0, 0.6875, 0, 1, 0.8125, 1]]
	}
}