{
  "gourd": {
    "704": 1.5,
    "719": 1.5,
    "724": 1.5,
    "714": 1.5,
    "699": 1.5,
    "709": 1.5
  },
  "wool": {
    "848": 5.0
  },
  "leaves;mineable/hoe": {
    "719": 1.5,
    "708": 4.0,
    "718": 6.0,
    "714": 1.5,
    "699": 1.5,
    "713": 12.0,
    "704": 1.5,
    "724": 1.5,
    "703": 2.0,
    "709": 1.5,
    "848": 15.0,
    "723": 8.0,
    "728": 9.0
  },
  "mineable/axe": {
    "727": 9.0,
    "717": 6.0,
    "712": 12.0,
    "707": 4.0,
    "722": 8.0,
    "702": 2.0
  },
  "coweb": {
    "704": 15.0,
    "719": 15.0,
    "724": 15.0,
    "714": 15.0,
    "699": 15.0,
    "709": 15.0,
    "848": 15.0
  },
  "default": {},
  "mineable/shovel": {
    "720": 8.0,
    "700": 2.0,
    "705": 4.0,
    "715": 6.0,
    "710": 12.0,
    "725": 9.0
  },
  "leaves": {
    "704": 1.5,
    "719": 1.5,
    "724": 1.5,
    "714": 1.5,
    "699": 1.5,
    "709": 1.5,
    "848": 15.0
  },
  "plant": {
    "704": 1.5,
    "719": 1.5,
    "724": 1.5,
    "714": 1.5,
    "699": 1.5,
    "709": 1.5
  },
  "mineable/pickaxe": {
    "701": 2.0,
    "711": 12.0,
    "716": 6.0,
    "726": 9.0,
    "706": 4.0,
    "721": 8.0
  },
  "vine_or_glow_lichen": {
    "848": 2.0
  },
  "mineable/hoe": {
    "703": 2.0,
    "708": 4.0,
    "718": 6.0,
    "723": 8.0,
    "713": 12.0,
    "728": 9.0
  },
  "gourd;mineable/axe": {
    "727": 9.0,
    "704": 1.5,
    "719": 1.5,
    "724": 1.5,
    "717": 6.0,
    "714": 1.5,
    "712": 12.0,
    "707": 4.0,
    "722": 8.0,
    "699": 1.5,
    "709": 1.5,
    "702": 2.0
  },
  "plant;mineable/axe": {
    "727": 9.0,
    "704": 1.5,
    "719": 1.5,
    "724": 1.5,
    "717": 6.0,
    "714": 1.5,
    "712": 12.0,
    "707": 4.0,
    "722": 8.0,
    "699": 1.5,
    "709": 1.5,
    "702": 2.0
  },
  "vine_or_glow_lichen;plant;mineable/axe": {
    "719": 1.5,
    "714": 1.5,
    "712": 12.0,
    "699": 1.5,
    "727": 9.0,
    "704": 1.5,
    "724": 1.5,
    "717": 6.0,
    "707": 4.0,
    "722": 8.0,
    "709": 1.5,
    "848": 2.0,
    "702": 2.0
  },
  "leaves;mineable/axe;mineable/hoe": {
    "719": 1.5,
    "708": 4.0,
    "718": 6.0,
    "714": 1.5,
    "712": 12.0,
    "699": 1.5,
    "713": 12.0,
    "727": 9.0,
    "704": 1.5,
    "724": 1.5,
    "703": 2.0,
    "717": 6.0,
    "707": 4.0,
    "722": 8.0,
    "709": 1.5,
    "848": 15.0,
    "723": 8.0,
    "702": 2.0,
    "728": 9.0
  }
}