{
  "grass": {
    "data": [
      {
        "keys": [
          "dark_forest",
          "dark_forest_hills"
        ],
        "color": 5274162
      },
      {
        "keys": [
          "forest",
          "wooded_hills",
          "flower_forest"
        ],
        "color": -8798118
      },
      {
        "keys": [
          "mountains",
          "mountain_edge",
          "stone_shore",
          "wooded_mountains",
          "gravelly_mountains",
          "modified_gravelly_mountains"
        ],
        "color": -7686519
      },
      {
        "keys": [
          "jungle",
          "jungle_hills",
          "modified_jungle",
          "bamboo_jungle",
          "bamboo_jungle_hills"
        ],
        "color": -10892996
      },
      {
        "keys": [
          "taiga",
          "taiga_hills",
          "taiga_mountains",
          "giant_spruce_taiga",
          "giant_spruce_taiga_hills"
        ],
        "color": -7948413
      },
      {
        "keys": [
          "plains",
          "beach",
          "sunflower_plains",
          "dripstone_caves"
        ],
        "color": -7226023
      },
      {
        "keys": [
          "mushroom_fields",
          "mushroom_field_shore"
        ],
        "color": -11155137
      },
      {
        "keys": [
          "desert",
          "nether_wastes",
          "desert_hills",
          "savanna",
          "savanna_plateau",
          "desert_lakes",
          "shattered_savanna",
          "shattered_savanna_plateau",
          "soul_sand_valley",
          "crimson_forest",
          "warped_forest",
          "basalt_deltas"
        ],
        "color": -4212907
      },
      {
        "keys": [
          "birch_forest",
          "birch_forest_hills",
          "tall_birch_forest",
          "tall_birch_hills"
        ],
        "color": -7816346
      },
      {
        "keys": [
          "snowy_beach"
        ],
        "color": -8145517
      },
      {
        "keys": [
          "swamp",
          "swamp_hills"
        ],
        "color": 6975545
      },
      {
        "keys": [
          "frozen_ocean",
          "frozen_river",
          "snowy_tundra",
          "snowy_mountains",
          "snowy_taiga",
          "snowy_taiga_hills",
          "ice_spikes",
          "snowy_taiga_mountains"
        ],
        "color": -8342377
      },
      {
        "keys": [
          "giant_tree_taiga",
          "giant_tree_taiga_hills"
        ],
        "color": -7948161
      },
      {
        "keys": [
          "jungle_edge",
          "modified_jungle_edge"
        ],
        "color": -10172609
      },
      {
        "keys": [
          "badlands",
          "wooded_badlands_plateau",
          "badlands_plateau",
          "eroded_badlands",
          "modified_wooded_badlands_plateau",
          "modified_badlands_plateau"
        ],
        "color": 9470285
      },
      {
        "keys": [
          "ocean",
          "river",
          "the_end",
          "deep_ocean",
          "small_end_islands",
          "end_midlands",
          "end_highlands",
          "end_barrens",
          "warm_ocean",
          "lukewarm_ocean",
          "cold_ocean",
          "deep_warm_ocean",
          "deep_lukewarm_ocean",
          "deep_cold_ocean",
          "deep_frozen_ocean",
          "the_void",
          "lush_caves"
        ],
        "color": -7423631
      }
    ]
  },
  "foliage": {
    "data": [
      {
        "keys": [
          "mushroom_fields",
          "mushroom_field_shore"
        ],
        "color": -13911281
      },
      {
        "keys": [
          "desert",
          "nether_wastes",
          "desert_hills",
          "savanna",
          "savanna_plateau",
          "desert_lakes",
          "shattered_savanna",
          "shattered_savanna_plateau",
          "soul_sand_valley",
          "crimson_forest",
          "warped_forest",
          "basalt_deltas"
        ],
        "color": -5331926
      },
      {
        "keys": [
          "mountains",
          "mountain_edge",
          "stone_shore",
          "wooded_mountains",
          "gravelly_mountains",
          "modified_gravelly_mountains"
        ],
        "color": -9591957
      },
      {
        "keys": [
          "forest",
          "wooded_hills",
          "dark_forest",
          "flower_forest",
          "dark_forest_hills"
        ],
        "color": -10899920
      },
      {
        "keys": [
          "birch_forest",
          "birch_forest_hills",
          "tall_birch_forest",
          "tall_birch_hills"
        ],
        "color": -9721536
      },
      {
        "keys": [
          "taiga",
          "taiga_hills",
          "taiga_mountains",
          "giant_spruce_taiga",
          "giant_spruce_taiga_hills"
        ],
        "color": -9919388
      },
      {
        "keys": [
          "jungle_edge",
          "modified_jungle_edge"
        ],
        "color": -12666865
      },
      {
        "keys": [
          "badlands",
          "wooded_badlands_plateau",
          "badlands_plateau",
          "eroded_badlands",
          "modified_wooded_badlands_plateau",
          "modified_badlands_plateau"
        ],
        "color": 10387789
      },
      {
        "keys": [
          "swamp",
          "swamp_hills"
        ],
        "color": 6975545
      },
      {
        "keys": [
          "giant_tree_taiga",
          "giant_tree_taiga_hills"
        ],
        "color": -9919137
      },
      {
        "keys": [
          "plains",
          "beach",
          "sunflower_plains",
          "dripstone_caves"
        ],
        "color": -8934609
      },
      {
        "keys": [
          "jungle",
          "jungle_hills",
          "modified_jungle",
          "bamboo_jungle",
          "bamboo_jungle_hills"
        ],
        "color": -13583605
      },
      {
        "keys": [
          "frozen_ocean",
          "frozen_river",
          "snowy_tundra",
          "snowy_mountains",
          "snowy_taiga",
          "snowy_taiga_hills",
          "ice_spikes",
          "snowy_taiga_mountains"
        ],
        "color": -10444421
      },
      {
        "keys": [
          "snowy_beach"
        ],
        "color": -10182024
      },
      {
        "keys": [
          "ocean",
          "river",
          "the_end",
          "deep_ocean",
          "small_end_islands",
          "end_midlands",
          "end_highlands",
          "end_barrens",
          "warm_ocean",
          "lukewarm_ocean",
          "cold_ocean",
          "deep_warm_ocean",
          "deep_lukewarm_ocean",
          "deep_cold_ocean",
          "deep_frozen_ocean",
          "the_void",
          "lush_caves"
        ],
        "color": -9328819
      }
    ]
  },
  "water": {
    "data": [
      {
        "keys": [
          "frozen_ocean",
          "frozen_river",
          "deep_frozen_ocean"
        ],
        "color": 3750089
      },
      {
        "keys": [
          "swamp",
          "swamp_hills"
        ],
        "color": 6388580
      },
      {
        "keys": [
          "lukewarm_ocean",
          "deep_lukewarm_ocean"
        ],
        "color": 4566514
      },
      {
        "keys": [
          "snowy_beach",
          "snowy_taiga",
          "snowy_taiga_hills",
          "cold_ocean",
          "deep_cold_ocean",
          "snowy_taiga_mountains"
        ],
        "color": 4020182
      },
      {
        "keys": [
          "ocean",
          "plains",
          "desert",
          "mountains",
          "forest",
          "taiga",
          "river",
          "nether_wastes",
          "the_end",
          "snowy_tundra",
          "snowy_mountains",
          "mushroom_fields",
          "mushroom_field_shore",
          "beach",
          "desert_hills",
          "wooded_hills",
          "taiga_hills",
          "mountain_edge",
          "jungle",
          "jungle_hills",
          "jungle_edge",
          "deep_ocean",
          "stone_shore",
          "birch_forest",
          "birch_forest_hills",
          "dark_forest",
          "giant_tree_taiga",
          "giant_tree_taiga_hills",
          "wooded_mountains",
          "savanna",
          "savanna_plateau",
          "badlands",
          "wooded_badlands_plateau",
          "badlands_plateau",
          "small_end_islands",
          "end_midlands",
          "end_highlands",
          "end_barrens",
          "the_void",
          "sunflower_plains",
          "desert_lakes",
          "gravelly_mountains",
          "flower_forest",
          "taiga_mountains",
          "ice_spikes",
          "modified_jungle",
          "modified_jungle_edge",
          "tall_birch_forest",
          "tall_birch_hills",
          "dark_forest_hills",
          "giant_spruce_taiga",
          "giant_spruce_taiga_hills",
          "modified_gravelly_mountains",
          "shattered_savanna",
          "shattered_savanna_plateau",
          "eroded_badlands",
          "modified_wooded_badlands_plateau",
          "modified_badlands_plateau",
          "bamboo_jungle",
          "bamboo_jungle_hills",
          "soul_sand_valley",
          "crimson_forest",
          "warped_forest",
          "basalt_deltas",
          "dripstone_caves",
          "lush_caves"
        ],
        "color": 4159204
      },
      {
        "keys": [
          "warm_ocean",
          "deep_warm_ocean"
        ],
        "color": 4445678
      }
    ]
  },
  "redstone": {
    "data": [
      {
        "keys": [
          0
        ],
        "color": 4980736
      },
      {
        "keys": [
          1
        ],
        "color": 7340032
      },
      {
        "keys": [
          2
        ],
        "color": 7995392
      },
      {
        "keys": [
          3
        ],
        "color": 8650752
      },
      {
        "keys": [
          4
        ],
        "color": 9306112
      },
      {
        "keys": [
          5
        ],
        "color": 10027008
      },
      {
        "keys": [
          6
        ],
        "color": 10682368
      },
      {
        "keys": [
          7
        ],
        "color": 11337728
      },
      {
        "keys": [
          8
        ],
        "color": 11993088
      },
      {
        "keys": [
          9
        ],
        "color": 12648448
      },
      {
        "keys": [
          10
        ],
        "color": 13369344
      },
      {
        "keys": [
          11
        ],
        "color": 14024704
      },
      {
        "keys": [
          12
        ],
        "color": 14680064
      },
      {
        "keys": [
          13
        ],
        "color": 15336960
      },
      {
        "keys": [
          14
        ],
        "color": 15997696
      },
      {
        "keys": [
          15
        ],
        "color": 16724480
      }
    ]
  },
  "constant": {
    "data": [
      {
        "keys": [
          "lily_pad"
        ],
        "color": 2129968
      },
      {
        "keys": [
          "attached_melon_stem"
        ],
        "color": 14731036
      },
      {
        "keys": [
          "pumpkin_stem"
        ],
        "color": 65280
      },
      {
        "keys": [
          "birch_leaves"
        ],
        "color": 8431445
      },
      {
        "keys": [
          "spruce_leaves"
        ],
        "color": 6396257
      },
      {
        "keys": [
          "attached_pumpkin_stem"
        ],
        "color": 14731036
      },
      {
        "keys": [
          "melon_stem"
        ],
        "color": 65280
      }
    ]
  }
}