[
  {
    "name": "maxHealth",
    "resource": "generic.maxHealth"
  },
  {
    "name": "followRange",
    "resource": "generic.followRange"
  },
  {
    "name": "knockbackResistance",
    "resource": "generic.knockbackResistance"
  },
  {
    "name": "movementSpeed",
    "resource": "generic.movementSpeed"
  },
  {
    "name": "attackDamage",
    "resource": "generic.attackDamage"
  },
  {
    "name": "horseJumpStrength",
    "resource": "horse.jumpStrength"
  },
  {
    "name": "zombieSpawnReinforcements",
    "resource": "zombie.spawnReinforcements"
  },
  {
    "name": "attackSpeed",
    "resource": "generic.attackSpeed"
  },
  {
    "name": "flyingSpeed",
    "resource": "generic.flyingSpeed"
  },
  {
    "name": "attackKnockback",
    "resource": "generic.attackKnockback"
  },
  {
    "name": "armor",
    "resource": "generic.armor"
  },
  {
    "name": "armorToughness",
    "resource": "generic.armorToughness"
  },
  {
    "name": "luck",
    "resource": "generic.luck"
  }
]