[
  {
    "id": 0,
    "name": "player",
    "appearance": "White marker",
    "visibleInItemFrame": false
  },
  {
    "id": 1,
    "name": "frame",
    "appearance": "Green marker",
    "visibleInItemFrame": true
  },
  {
    "id": 2,
    "name": "red_marker",
    "appearance": "Red marker",
    "visibleInItemFrame": false
  },
  {
    "id": 3,
    "name": "blue_marker",
    "appearance": "Blue marker",
    "visibleInItemFrame": false
  },
  {
    "id": 4,
    "name": "target_x",
    "appearance": "White X",
    "visibleInItemFrame": true
  },
  {
    "id": 5,
    "name": "target_point",
    "appearance": "Red triangle",
    "visibleInItemFrame": true
  },
  {
    "id": 6,
    "name": "player_off_map",
    "appearance": "Large white dot",
    "visibleInItemFrame": false
  },
  {
    "id": 7,
    "name": "player_off_limits",
    "appearance": "Small white dot",
    "visibleInItemFrame": false
  },
  {
    "id": 8,
    "name": "mansion",
    "appearance": "Woodland mansion",
    "visibleInItemFrame": true
  },
  {
    "id": 9,
    "name": "monument",
    "appearance": "Ocean monument",
    "visibleInItemFrame": true
  }
]
