[
  {
    "name": "maxHealth",
    "resource": "minecraft:generic.max_health"
  },
  {
    "name": "followRange",
    "resource": "minecraft:generic.follow_range"
  },
  {
    "name": "knockbackResistance",
    "resource": "minecraft:generic.knockback_resistance"
  },
  {
    "name": "movementSpeed",
    "resource": "minecraft:generic.movement_speed"
  },
  {
    "name": "attackDamage",
    "resource": "minecraft:generic.attack_damage"
  },
  {
    "name": "horseJumpStrength",
    "resource": "minecraft:horse.jump_strength"
  },
  {
    "name": "zombieSpawnReinforcements",
    "resource": "minecraft:zombie.spawn_reinforcements"
  },
  {
    "name": "attackSpeed",
    "resource": "minecraft:generic.attack_speed"
  },
  {
    "name": "flyingSpeed",
    "resource": "minecraft:generic.flying_speed"
  },
  {
    "name": "attackKnockback",
    "resource": "minecraft:generic.attack_knockback"
  },
  {
    "name": "armor",
    "resource": "minecraft:generic.armor"
  },
  {
    "name": "armorToughness",
    "resource": "minecraft:generic.armor_toughness"
  },
  {
    "name": "luck",
    "resource": "minecraft:generic.luck"
  }
]